James,5190161
John,5142243
Robert,4829631
Michael,4383488
William,4143886
Mary,4130314
David,3638877
Joseph,2631147
Richard,2569278
Charles,2405574
Thomas,2325071
Christopher,2042956
Daniel,1939068
Elizabeth,1653689
Matthew,1618050
Patricia,1572554
George,1473334
Jennifer,1468730
Anthony,1455708
Linda,1453408
Barbara,1435049
Donald,1412664
Paul,1391502
Mark,1355095
Andrew,1304284
Edward,1295118
Steven,1286247
Kenneth,1277550
Margaret,1253426
Joshua,1222779
Kevin,1174949
Brian,1168363
Susan,1122251
Dorothy,1108769
Sarah,1084272
Ronald,1079769
Timothy,1075095
Jessica,1047881
Jason,1039497
Helen,1020541
Nancy,1003004
Betty,1000106
Karen,986933
Jeffrey,976454
Lisa,965824
Jacob,951734
Ryan,943436
Frank,912710
Nicholas,909030
Gary,901024
Anna,900284
Eric,881342
Sandra,874321
Emily,865503
Stephen,860216
Jonathan,850006
Ashley,849956
Kimberly,839976
Donna,831114
Ruth,827582
Carol,816518
Michelle,812630
Larry,806371
Laura,797497
Amanda,787296
Justin,780860
Samuel,777969
Raymond,775164
Benjamin,773842
Scott,772668
Brandon,761951
Melissa,756138
Rebecca,750934
Stephanie,741973
Deborah,741304
Sharon,722067
Kathleen,712471
Jack,712342
Henry,711408
Cynthia,709890
Gregory,709071
Emma,705898
Alexander,694837
Amy,694590
Shirley,685696
Patrick,678380
Angela,667454
Catherine,662873
Virginia,650075
Katherine,642169
Walter,624640
Dennis,618932
Jerry,613528
Brenda,607531
Pamela,594583
Tyler,593468
Evelyn,593348
Aaron,592018
Frances,591543
Nicole,589778
Christine,585415
Samantha,580968
Peter,580391
Jose,573069
Alice,570613
Rachel,567500
Adam,562522
Nathan,561294
Douglas,558442
Janet,556318
Carolyn,555725
Maria,551380
Debra,550498
Harold,550418
Martha,549540
Zachary,541186
Marie,537635
Arthur,533476
Heather,525048
Diane,518241
Julie,509299
Grace,508780
Joyce,508060
Victoria,505449
Carl,503689
Albert,489440
Olivia,488724
Rose,488661
Kyle,481946
Joan,480325
Christina,477598
Kelly,472316
Lauren,471020
Ann,469118
Julia,464339
Doris,462151
Lawrence,458416
Jean,458044
Lillian,454453
Kathryn,453192
Judith,453116
Joe,451868
Mildred,450891
Willie,449392
Gerald,447954
Ethan,446042
Hannah,444159
Roger,440393
Jeremy,439630
Cheryl,439324
Megan,438071
Andrea,437174
Keith,436033
Christian,432454
Noah,431336
Sara,428113
Terry,423468
Jacqueline,423139
Jesse,422625
Harry,422126
Austin,420778
Sean,419898
Teresa,414412
Ralph,413056
Gloria,412912
Janice,406011
Roy,405885
Theresa,403896
Louis,399192
Madison,393367
Charlotte,388220
Dylan,384185
Bruce,384106
Bryan,384032
Abigail,383434
Jordan,383200
Billy,383165
Judy,382365
Eugene,379385
Beverly,377441
Sophia,377012
Jane,373890
Denise,372670
Amber,371853
Marilyn,371746
Danielle,368589
Diana,361882
Natalie,361617
Gabriel,361070
Isabella,361039
Brittany,359074
Ruby,358779
Russell,355312
Irene,353164
Alan,353068
Juan,352984
Wayne,352976
Annie,352700
Logan,352695
Vincent,347608
Howard,345545
Fred,343195
Kayla,341407
Lori,341190
Philip,340956
Alexis,340737
Tiffany,337312
Florence,336106
Louise,333868
Kathy,333792
Lois,332324
Tammy,331848
Crystal,330969
Randy,328296
Bonnie,325360
Taylor,324268
Anne,322631
Phyllis,322433
Victor,321705
Elijah,321098
Ella,320502
Erin,314470
Johnny,314215
Bobby,314037
Josephine,313450
Martin,310042
Alyssa,309686
Phillip,309114
Bradley,308355
Allison,305353
Mason,305015
Travis,304360
Shawn,304128
Clarence,302937
Ernest,301464
Eleanor,300987
Stanley,299916
Craig,299105
Isaac,298315
Caleb,295792
Shannon,295278
Edna,294584
Carlos,294192
Ava,293538
Peggy,292672
Leonard,292291
Tina,291765
Robin,290221
Audrey,289786
Dawn,289174
Earl,288793
Cameron,288147
Jimmy,287162
Francis,287036
Luke,286476
Cody,286415
Clara,285816
Danny,284269
Rita,283604
Todd,281837
Wanda,281085
Luis,279113
Paula,279065
Ethel,278783
Norma,277618
Dale,277488
Alex,277035
Lucas,276392
Evan,274005
Ellen,273985
Nathaniel,273789
Marjorie,272866
Eva,272364
Hazel,271321
Joel,270984
Allen,269089
Jamie,269038
Leslie,268143
Edith,267820
Connie,266525
Gladys,266429
Carrie,266019
Valerie,263196
Frederick,262687
Wendy,261366
Esther,260566
Theodore,260120
Curtis,259161
Elaine,258879
Jackson,258709
Courtney,257858
Cindy,256714
Vanessa,256539
Brianna,256445
Liam,253047
Mia,252970
Antonio,252413
Norman,252340
Marvin,251987
Melanie,251764
Tracy,251006
Jasmine,250458
Tony,249883
Monica,249273
Adrian,248122
Glenn,248000
Rodney,246109
Hunter,245432
Melvin,243433
Edwin,243190
Alfred,242457
Angel,241248
Sylvia,240998
Steve,240698
Chad,240201
April,239950
Katie,238371
Sheila,238253
Alexandra,237902
Caroline,235858
Leah,235789
Ian,235750
Marcus,234324
Jesus,233224
Derek,233016
Lee,231752
Erica,230730
Sherry,229805
Jeffery,229755
Herbert,227963
Julian,227692
Alicia,227135
Isaiah,226750
Lucille,226695
Pauline,226115
Thelma,225315
Jayden,224729
Wesley,223449
Aiden,223233
Michele,223154
Chloe,222700
Ricky,221658
Veronica,219953
Connor,219774
Leo,219565
Suzanne,218975
Kristen,218100
Amelia,217521
Morgan,217390
Anita,214357
Vivian,213475
Troy,213109
Joanne,211579
Lucy,211471
Dolores,211115
Geraldine,210778
Eddie,210404
Lorraine,208991
Calvin,208122
Rhonda,207994
Jill,207971
Bertha,207705
Juanita,207336
Dustin,206289
Jeremiah,205856
Owen,205342
Mike,204906
Oscar,204465
Darlene,204400
Sally,204254
Ray,203106
Jared,202065
Holly,201753
Gail,201651
Leroy,199572
Bernard,199391
Randall,197875
June,196494
Claire,194753
Oliver,194606
Madeline,193126
Brooke,193086
Dana,192328
Beatrice,192194
Jay,191254
Shane,189943
Marion,188636
Debbie,187719
Clifford,187536
Eileen,187294
Ida,186800
Manuel,186615
Renee,184735
Stella,184350
Corey,182913
Lynn,182083
Bernice,181920
Ronnie,181843
Elsie,181221
Gavin,181149
Miguel,181014
Barry,180664
Dean,180554
Regina,179952
Kim,179629
Blake,179275
Kristin,179135
Jo,178866
Warren,178660
Savannah,177393
Gertrude,176955
Tommy,176826
Dominic,175934
Loretta,175610
Rosa,175061
Carter,174840
Tara,174565
Wyatt,173622
Charlie,173448
Sebastian,173390
Lydia,172977
Sydney,172872
Roberta,171240
Leon,170405
Cathy,170206
Bessie,170070
Chase,168897
Naomi,168796
Cassandra,168643
Molly,168511
Annette,168449
Jessie,168267
Landon,167982
Don,167129
Hailey,167083
Jon,166822
Levi,166528
Laurie,166233
Kaitlyn,164394
Stacy,163267
Jeanette,163098
Jeanne,163067
Seth,162892
Mitchell,162650
Colleen,162418
Nora,162075
Chelsea,160894
Lloyd,160472
Alma,160393
Bill,160382
Jerome,160367
Alvin,159710
Beth,159210
Darrell,159170
Minnie,158988
Lily,158810
Trevor,158533
Agnes,158361
Brett,158189
Rosemary,158117
Haley,157312
Pearl,157256
Lillie,156904
Lindsey,156647
Joann,156586
Max,156229
Yvonne,155684
Georgia,155458
Erik,154138
Floyd,154025
Micheal,153955
Gordon,153784
Edgar,153637
Vicki,153239
Jim,152959
Devin,152791
Gina,152529
Violet,152512
Lewis,152366
Nellie,150211
Carla,149119
Sofia,148274
Destiny,148243
Kelsey,148236
Stacey,147461
Mario,147103
Shelby,146385
Jenna,146265
Willie,146164
Terri,145979
Vernon,145785
Daisy,145498
Chris,145473
Heidi,144982
Sue,144489
Maureen,144112
Derrick,143566
Clyde,143151
Xavier,142726
Vera,142606
Arlene,142415
Cora,142107
Paige,142038
Ricardo,141974
Cole,141965
Marian,140912
Lena,140630
Faith,140587
Avery,139983
Wilma,139887
Marc,139653
Tom,139458
Constance,139334
Brent,139182
Carmen,139071
Ivan,138398
Sabrina,138392
Franklin,137569
Alejandro,137072
Joy,137043
Zoe,136767
Francisco,136535
Myrtle,136462
Mabel,136376
Kristina,136039
Gabrielle,135865
Herman,135690
Melinda,135356
Maurice,135103
Deanna,134003
Clayton,133582
Jorge,133478
Charlene,133176
Marcia,133126
Garrett,132600
Colton,132596
Katelyn,132502
Jordan,132501
Mackenzie,132265
Kaylee,132240
Eli,132206
Viola,131836
Mattie,131794
Sadie,131536
Tamara,130707
Addison,130444
Autumn,130232
Lester,130151
Lindsay,129823
Marlene,129745
Gilbert,129355
Alexa,129139
Nina,128864
Elmer,128736
Grant,128418
Colin,128243
Claudia,127118
Jennie,126777
Gene,126486
Cory,126244
Glen,125353
Andre,125345
Jake,125300
Brayden,125175
Sam,125122
Erika,124560
Gabriella,123615
Isabel,122978
Harvey,122469
Angelina,121236
Chester,120993
Sophie,120470
Priscilla,120381
Tonya,120356
Gwendolyn,120292
Josiah,120186
Jeff,120058
Marissa,120054
Aubrey,120050
Patsy,119343
Spencer,119195
Riley,117958
Bryce,117921
Maggie,117770
Delores,117729
Milton,117251
Tristan,116907
Preston,116644
Tanya,116613
Carson,116473
Genevieve,115890
Everett,115374
Duane,115092
Kylie,113959
Alison,113535
Ruben,113340
Maxine,112930
Leslie,112808
Aidan,112726
Yolanda,112622
Diego,112580
Miranda,112438
Parker,112257
Jimmie,112046
Mae,111811
Casey,111726
Caitlin,111705
Miriam,111570
Taylor,111327
Mariah,110859
Carole,110665
Reginald,110617
Brooklyn,110575
Jessie,110561
Nolan,110273
Leona,110188
Vickie,110011
Roberto,109796
Glenda,109103
Jocelyn,108415
Ariana,106889
Joanna,106736
Cecil,106391
Brandy,106306
Dan,106119
Margie,105900
Eduardo,105688
Dora,105543
Makayla,104482
Ana,104440
Hector,104395
Lance,104360
Marsha,104118
Neil,103310
Arnold,103286
Maya,103092
Darren,102697
Hayden,102642
Bailey,102521
Billie,101966
Johnnie,101727
Brandi,101672
Melody,101330
Hattie,101186
Katrina,100896
Javier,100854
Alexandria,100747
Cecilia,100543
Karl,100276
Kara,100257
Harper,100214
Micah,100178
Layla,100100
Toni,99693
Omar,99669
Ada,98874
Bethany,98829
Roland,98660
Penny,98615
Fernando,98474
Madelyn,98405
Kay,98402
Christy,98362
Maxwell,98170
Sierra,97881
Isabelle,97774
Angel,97209
Riley,97035
Clinton,97033
Terry,96917
Whitney,96430
Kendra,96412
Natasha,96244
Arianna,95927
Meghan,95555
Grayson,95534
Dianne,95188
Johnathan,95061
Allan,95057
Abraham,95012
Aaliyah,94707
Cooper,94675
Briana,94400
Zoey,94263
Lonnie,94016
Tanner,93818
Marguerite,93639
Damian,93311
Marshall,93087
Bob,92958
Elias,92512
Miles,92158
Jaxon,92144
Darryl,91822
Hope,91695
Adriana,91594
Nicolas,91586
Jenny,91299
Claude,91153
Brady,91050
Andy,90999
Lola,90962
Felicia,90924
Angelica,90884
Jackie,90850
Brendan,90532
Bridget,90449
Pedro,90322
Guy,90050
Karla,89606
Harriet,89183
Jade,88946
Bobbie,88287
Geneva,88080
Dakota,87991
Blanche,87376
Andres,87264
Becky,86722
Velma,86654
Tracey,86454
Jamie,86309
Iris,86152
Nevaeh,85942
Camila,85893
Elena,85658
Raul,85633
Kurt,85534
Susie,85280
Fannie,85179
Jacquelyn,84721
Lula,84692
Candace,84656
Misty,84501
Shelly,84291
Kristine,84086
Harrison,83919
Ben,83736
Sherri,83610
Sidney,83459
Tim,83190
Brad,82948
Kate,82741
Desiree,82527
Dalton,82514
Rachael,82244
Hugh,82153
Jillian,82099
Wallace,82078
Brittney,81995
Kelly,81874
Breanna,81779
Rick,81644
Rafael,81552
Summer,81385
Rosie,81227
Ross,81198
Gabriela,81173
Byron,80847
Hilda,80747
Trinity,80651
Emmanuel,80586
Angelo,80523
Julius,80202
Kaleb,80146
Eunice,79869
Scarlett,79761
Jodi,79480
Ayden,79270
Tyrone,78747
Sheryl,78739
Roman,78716
Jackie,78608
Monique,78548
Penelope,78508
Antoinette,78423
Gianna,78372
Lincoln,78306
Dwight,78296
Collin,78171
Kennedy,78168
Nelson,78065
Lynda,77855
Sergio,77851
Mamie,77807
Peyton,77779
Gracie,77639
Greg,77627
Willard,77449
Ashton,76905
Casey,76841
Jaden,76706
Kristi,76430
Mathew,76199
Dwayne,76029
Ramon,75879
Drew,75799
Leonardo,75740
Genesis,75646
Rosalie,75580
Ellie,75440
Perry,75298
Ted,74949
Janie,74873
Meredith,74810
Kelli,74785
Jace,74740
Krystal,74629
Skylar,74504
Giovanni,74426
Cesar,74370
Erick,74315
Rebekah,74270
Bianca,74154
Hudson,74098
Armando,73873
Krista,73497
Felix,73480
Irma,73448
Mateo,73240
Beulah,73159
Ariel,72953
Freddie,72890
Brody,72870
Shelley,72536
Belinda,72336
Marco,72326
Marion,72208
Terrence,71740
Natalia,71601
Wade,71591
Virgil,71456
Devon,71325
Santiago,71275
Lorenzo,71149
Jonah,71080
Asher,70689
Valeria,70633
Morris,70535
Kristy,70406
Alberta,70315
Opal,70300
Bella,70029
Bryson,69962
Shaun,69882
Clifton,69798
Camille,69486
Terrance,69367
Faye,69340
Lila,69207
Jaime,69157
Jeannette,69153
Ramona,69052
Elise,68925
Verna,68907
Cheyenne,68862
Sandy,68770
Kent,68764
Flora,68731
Stuart,68643
Della,68443
Candice,67842
Kirk,67799
Inez,67672
Adrienne,67493
Aurora,67302
Luther,66380
Jada,65960
Sonia,65802
Guadalupe,65741
Ezra,65662
Damon,65322
Sonya,65253
Marianne,65047
Jonathon,64993
Alexis,64889
Cristian,64840
Carly,64716
Aria,64608
Adeline,64455
Dominick,64443
Marcella,64401
Israel,64260
Malcolm,64253
Serenity,64238
Dallas,64188
Dave,64063
Fredrick,63948
Dillon,63571
Angie,63567
Kaden,63548
Nichole,63515
Caden,63491
Yvette,63424
Simon,62966
Daniela,62712
Annabelle,62624
Daryl,62613
Emmett,62483
Robyn,62447
Patty,62436
Maryann,62429
Josie,62336
Kristopher,62210
Lee,62189
Lynne,61918
Callie,61782
Olga,61591
Kendall,61488
Myra,61470
Rickey,61455
Julio,61334
Gayle,61330
Tracy,61312
Juliana,61191
Alberto,61049
Mckenzie,60987
Homer,60756
Liliana,60559
Donnie,60468
Sheri,60426
Easton,60340
Lilly,60280
Alana,59690
Karina,59489
Abby,59459
Damien,59415
Avery,59381
Celeste,59154
Kari,59109
Otis,58985
Gage,58911
Rex,58693
Eliza,58641
Roxanne,58616
Enrique,58527
Tabitha,58405
Olive,58387
Donovan,58364
Earnest,58274
Gerard,58222
Lyle,58135
Ivy,57869
Cassidy,57678
Kayden,57648
Cecelia,57640
Mya,57547
Hubert,57422
Abel,57407
Kaitlin,57198
Reagan,57190
Trenton,57017
Rylee,56937
Wilbur,56742
Eloise,56586
Jordyn,56427
Salvatore,56070
Alisha,55980
Dianna,55895
Jody,55752
Mallory,55579
Ezekiel,55393
Mila,55369
Alfredo,55329
Payton,55201
Leland,54901
Celia,54883
Janelle,54857
Erma,54836
Muriel,54735
Arturo,54731
Neal,54563
Mikayla,54542
Jan,54521
Silas,54519
Conner,54384
Jaxson,54381
Braxton,54273
Estelle,54235
Geoffrey,54186
Horace,54065
Ira,54009
Bernadette,53962
Aimee,53925
Alec,53610
Gretchen,53550
Lana,53506
Weston,53426
Vicky,53370
Malachi,53361
Wendell,53340
Selena,53321
Rudolph,53297
Dana,53162
Mable,52944
Kirsten,52903
Nadine,52693
Gerardo,52637
Johanna,52459
Bennie,52453
Joey,52427
Cara,52312
Lynn,52303
Allyson,52233
Shannon,52137
Traci,52133
Josue,52110
Darius,52103
Caitlyn,52080
Willis,52059
Lora,51981
Lacey,51968
Emanuel,51679
Colby,51654
Cristina,51648
Piper,51505
Archie,51474
Ryder,51471
Alejandra,51413
Michaela,51398
Elliott,51330
Edmund,51173
Kenny,51160
Sawyer,51046
Henrietta,50949
Kiara,50873
Rosemarie,50831
Tessa,50803
Trent,50754
Kellie,50652
Bryant,50608
Axel,50548
Marcos,50482
Dominique,50419
Kelvin,50382
Zane,50361
August,50223
Chance,50182
Allie,50075
Hayley,49964
Peyton,49865
Jaime,49857
Sallie,49844
Rene,49835
Bentley,49776
Nick,49771
Kerry,49727
Forrest,49687
Raquel,49386
Nettie,49338
Randolph,49327
Camden,49278
Luna,49257
Jaclyn,49231
Leila,49096
Johnnie,49000
Janis,48787
Corinne,48672
Carlton,48656
Rudy,48640
Bennett,48610
May,48610
Kerry,48595
Betsy,48569
Marisa,48504
Noel,48499
Kylee,48420
Grady,48415
Graham,48326
Anastasia,48222
Jasper,48031
Orlando,47902
Salvador,47778
Shelia,47755
Julianna,47601
Garry,47574
Myles,47415
Esmeralda,47371
Benny,47296
Mollie,47132
Eula,47104
Clark,47046
Kai,47029
Lucia,46907
Alton,46905
Delbert,46843
Rochelle,46825
Wilson,46801
Elliot,46740
Eliana,46732
Roderick,46718
Elisabeth,46626
Delilah,46490
Lottie,46481
Paulette,46394
Pablo,46383
Ashlyn,46348
Doreen,46328
Adrianna,46245
Loren,46215
Dante,46144
Paisley,46071
Kelley,46010
Ginger,45986
Ty,45906
Christie,45899
Giselle,45844
Cassie,45706
Malik,45643
Maude,45580
Latoya,45524
Emilia,45446
Shawna,45444
Tucker,45432
Mona,45352
Robin,45342
Mercedes,45339
Braden,45197
Jana,45184
Laurel,45071
Will,45063
Myron,44885
Patti,44704
Alexia,44625
Tyson,44553
Carolina,44439
Addie,44434
Ellis,44364
Jameson,44278
Jasmin,44226
Aubree,44210
Lorena,44065
Ernestine,44024
Elisa,44002
Teri,43918
Irving,43875
Effie,43841
Winifred,43830
Valentina,43824
Beau,43793
Greyson,43752
Dixie,43698
Emilio,43478
Alaina,43433
Nadia,43362
Ernesto,43340
Declan,43339
Ashlee,43338
Pete,43261
Serena,43100
Lynette,43059
Morgan,43011
Alonzo,42984
Griffin,42914
Sylvester,42885
Laverne,42869
Sammy,42837
Khloe,42684
Darla,42548
Lela,42534
Kaiden,42525
Freda,42447
Leticia,42373
Aliyah,42335
Mandy,42278
Jazmin,42273
Makenzie,42198
Mindy,42169
Jayla,42167
Jude,42150
Madeleine,41995
Etta,41890
Brock,41858
Quentin,41579
Meagan,41492
Dawson,41359
Jermaine,41303
Ollie,41186
Junior,41183
Frankie,41171
Lowell,41151
Katharine,41068
Cedric,40989
Shari,40895
Raven,40893
Kyla,40884
Fabian,40844
Lane,40784
Adele,40612
Saul,40601
Jewel,40558
Willow,40468
Moses,40331
Alfonso,40237
Estella,40141
Pat,40123
Tricia,40105
Trisha,40068
Leigh,40030
Skyler,39985
Wilbert,39911
Nikki,39830
Margarita,39671
Mack,39668
Mckenna,39641
Mariana,39607
Alondra,39569
Harley,39524
Irvin,39509
Essie,39423
Laurence,39375
London,39365
Clarissa,39322
Lorene,39271
Sonja,39240
Hanna,39094
Ora,39065
Sherman,39064
Stacie,39046
Lizzie,39008
Athena,39002
Delaney,38990
Ebony,38866
Yesenia,38849
Brielle,38814
Rena,38730
Amir,38720
Nickolas,38678
Woodrow,38637
Trey,38634
Laila,38558
Ervin,38476
Marla,38361
Bettie,38339
Kristie,38326
Leilani,38314
Eden,38195
Gustavo,38170
Luca,38125
Justine,37987
Quinn,37958
Alissa,37945
Kimberley,37938
Ismael,37929
Tami,37889
Iva,37831
Lucinda,37812
Clay,37796
Bonita,37769
Jalen,37574
Corbin,37558
Roosevelt,37517
Maddox,37506
Daphne,37358
Maverick,37316
Marina,37159
Noelle,37128
Stefanie,37030
Kira,36975
Kerri,36956
Lukas,36927
Jazmine,36852
Fern,36845
Helena,36833
Delia,36591
Goldie,36548
Gregg,36483
Sheldon,36347
Reese,36243
Conrad,36231
Kyra,36231
Ron,36210
Sasha,36116
Cayden,36079
Tori,36068
Cheri,36042
Francine,36032
Angeline,36013
Jeannie,36006
Keegan,35991
Cornelius,35985
Rufus,35942
Phoebe,35867
Terrell,35815
Aileen,35709
Dakota,35650
Desmond,35647
Jaylen,35525
Tasha,35449
Carroll,35411
Tammie,35368
Lyla,35362
Reba,35330
Reid,35294
Therese,35226
Lenora,35206
Sherrie,35123
Kameron,34999
Orville,34996
Brooks,34949
Charity,34934
Alina,34914
Kim,34899
Demetrius,34897
Bette,34846
Melba,34845
Britney,34800
Lucile,34729
Drake,34709
Deloris,34674
Amaya,34652
Hadley,34585
Chandler,34501
Dexter,34484
Kendall,34458
Frankie,34445
Fatima,34393
Amos,34352
Solomon,34310
Ronda,34308
Tommie,34286
Dewey,34233
Otto,34167
Tatiana,34115
Lesley,34113
Brooklynn,34059
Patrice,34044
Terence,34042
Dorothea,34012
Ciara,33957
Jayce,33910
Alisa,33898
Toby,33862
Ina,33820
Lou,33789
Rachelle,33697
Zion,33614
Kingston,33558
Bert,33539
Jayson,33537
Hugo,33536
Quinn,33529
Kinsley,33523
Matilda,33498
Elbert,33473
Jolene,33402
Janine,33396
Kyler,33315
Lamar,33292
Tia,33215
Marisol,33199
Sterling,33183
Antonia,33169
Helene,33156
Millie,33151
Pam,33126
Rodolfo,33115
Diamond,33074
Shawn,32999
Ken,32814
Christa,32723
Kasey,32656
Mayra,32601
Tracie,32563
Kassandra,32527
Trina,32498
Juliet,32467
Teddy,32451
Darin,32374
Clint,32348
Dena,32317
Reed,32293
Emil,32251
Hallie,32215
Jamal,32196
Dane,32190
Brennan,32113
Lea,32098
Esteban,32082
Janette,32003
Blaine,31998
Keri,31995
Kayleigh,31974
Marty,31935
Bradford,31865
Asia,31863
Fay,31857
Ashleigh,31730
Myrna,31657
Billie,31593
Percy,31579
Xander,31577
Elva,31497
Lionel,31367
Jody,31336
Chelsey,31331
Cleo,31255
Savanna,31249
Keira,31090
Dina,31083
Luella,31075
Stewart,31068
Juliette,31054
King,30956
Francesca,30943
Jakob,30919
Gwen,30832
Zackary,30818
Reuben,30655
Gael,30651
Guillermo,30614
Macy,30604
Isla,30591
Joaquin,30519
Merle,30514
Paris,30500
Felipe,30498
Aubrey,30495
Ryker,30457
Daniella,30454
Ximena,30361
Makenna,30350
Doyle,30344
Alivia,30342
Alayna,30308
Kendrick,30300
Katelynn,30274
Shayla,30264
Jaiden,30249
Latasha,30206
Waylon,30196
Rylan,30155
Quinton,30061
Julianne,30050
Clare,30043
Cherie,29907
Marlon,29870
Cathleen,29868
Davis,29820
Fiona,29762
Bret,29709
Debora,29682
Eugenia,29661
Darrel,29652
Harmony,29588
Ola,29582
Zachery,29581
Royce,29576
Shana,29508
Darrin,29436
Elsa,29414
Randi,29390
Jewell,29362
Francis,29360
Adelaide,29340
Polly,29305
Wilfred,29279
Dick,29273
Leanne,29269
Charlie,29217
Haylee,29136
Nova,29128
Anderson,29110
Evangeline,29091
Randal,29088
Sienna,29086
Rowan,29065
Cameron,29055
Hayden,29031
Ali,29025
Willa,28935
Tomas,28854
Angelique,28830
Winston,28829
Milo,28807
Brenna,28804
Louie,28798
Jayne,28793
Alta,28777
Cade,28751
Alyson,28723
Hillary,28689
Maximus,28685
Ryleigh,28673
Rory,28649
Moises,28645
Rocco,28615
Zachariah,28516
Walker,28507
Talia,28487
Karin,28465
Emiliano,28444
Deandre,28375
Emery,28355
Joni,28347
Candy,28347
Tania,28338
Lorna,28305
Heath,28262
Shanna,28239
Darnell,28227
Adan,28212
Carissa,28172
Van,28169
Lara,28131
Gilberto,28033
Shauna,28013
Leola,28012
Rosetta,27941
Izabella,27657
Imogene,27566
Logan,27493
Camryn,27481
Tiana,27445
Cierra,27372
Marley,27308
Branden,27286
Boyd,27260
Jodie,27238
Heaven,27234
Aniyah,27225
Arielle,27209
Mickey,27161
Stephan,27109
Emerson,27088
Brantley,27053
Sondra,27051
Kali,27048
Nell,26994
Grover,26985
Rocky,26947
Elvira,26818
Pat,26732
Antoine,26712
Eve,26687
Harley,26625
Ingrid,26605
Selma,26556
Norah,26452
Rosalind,26365
Luz,26301
Greta,26233
Dewayne,26232
Holden,26217
Malia,26209
Elaina,26191
Ed,26185
Kailey,26147
Simone,26125
Everly,26100
Freddy,26090
Jerald,26058
Susanne,26037
Vance,25871
Brynn,25823
Jonas,25801
Eldon,25789
Rhoda,25783
Emilie,25745
Quincy,25696
Timmy,25657
Glenna,25591
Nannie,25560
Trudy,25485
Jenifer,25466
Staci,25459
Camilla,25459
Cruz,25417
Brenden,25361
Rhett,25341
Taryn,25324
Frieda,25310
Clarice,25257
Finn,25247
Ryan,25233
Johnathon,25203
Skyler,25187
Landen,25180
Jarrod,25171
Darwin,25153
Conor,25086
Audra,25041
Lexi,25015
Judah,25011
Blanca,24993
Ramiro,24974
Jess,24952
Guadalupe,24910
Lizbeth,24890
Rogelio,24863
Imani,24840
Rodrigo,24822
Kiana,24793
Presley,24770
Kenya,24746
Margo,24601
Thaddeus,24578
Julissa,24571
Emerson,24558
Edmond,24552
Winnie,24489
Leanna,24467
Harlan,24405
Cary,24353
Ashlynn,24288
Jean,24277
Teagan,24218
Maribel,24206
Nola,24196
Leann,24163
Chasity,24156
Colette,24143
Sidney,24105
Payton,24081
Jeannine,24030
Isiah,24017
Adalynn,24000
Hilary,23984
Marquis,23907
Zander,23849
Bobbi,23797
Garland,23774
Jeanine,23739
Barrett,23735
Lamont,23710
Matt,23706
Ayla,23690
Carmela,23686
Rolando,23655
James,23528
Charley,23528
Bridgette,23499
Cyrus,23407
Tiara,23407
Deana,23395
Paola,23301
Emilee,23287
Adalyn,23244
Anton,23233
Ericka,23186
River,23177
Nia,23092
Tobias,23080
Viviana,23067
Alanna,23038
Aisha,23002
Jimmie,22981
Ila,22959
India,22955
Zayden,22923
Bettye,22920
Chris,22919
Dominique,22860
Issac,22849
Larissa,22813
Courtney,22811
Tamika,22743
Jefferson,22730
Maritza,22711
Kody,22706
Catalina,22658
Jeri,22593
Lenore,22550
Jarrett,22537
Doug,22471
Monte,22470
Rae,22445
Loyd,22407
Buddy,22381
Robbie,22351
Burton,22346
Angelia,22318
Sheena,22312
Titus,22291
Stacy,22191
Tonia,22178
Mauricio,22156
Darcy,22132
Jan,22072
Leonel,22049
Raelynn,22023
Keisha,21996
Bernadine,21910
Lorie,21907
Nikolas,21904
Paxton,21894
Cleveland,21876
Kamryn,21874
Noe,21871
Dale,21866
Rosalyn,21859
Tatum,21854
Cornelia,21850
Madalyn,21811
Roscoe,21804
Flossie,21803
Virgie,21790
Michael,21786
Rene,21761
Latonya,21752
John,21715
Abbie,21693
Murray,21660
Lia,21631
Marcy,21588
Dorian,21569
Harriett,21565
Elma,21556
Cash,21527
Jayden,21500
Rodger,21486
Matteo,21473
Jase,21464
Londyn,21451
Amie,21450
Karter,21448
Mara,21444
Jami,21428
Romeo,21402
Amari,21258
Elnora,21238
Ladonna,21222
Nyla,21181
Ruthie,21180
Kaylie,21080
Raegan,21080
Malinda,21068
Bailey,21052
Robbie,21045
Alessandra,20990
Elton,20960
Lauryn,20947
Erwin,20939
Cadence,20939
Neva,20937
Colt,20916
Sage,20915
Johnie,20891
Christi,20885
Elinor,20836
Skye,20829
Arabella,20811
Maddison,20803
Raphael,20799
Noemi,20767
Marlin,20759
Sammie,20737
Parker,20664
Corrine,20654
Mavis,20625
Kiera,20615
Tristen,20601
Susana,20570
Katy,20548
Emely,20526
Keaton,20519
Danna,20504
Elwood,20500
Vaughn,20475
Elvin,20392
Silvia,20379
Aden,20360
Nathanael,20345
Norbert,20334
Cecile,20313
Yasmin,20312
Brianne,20310
Dorthy,20303
Macie,20262
Caiden,20236
Baylee,20232
Denis,20216
Duncan,20120
Nelda,20111
Khalil,20110
Robert,20107
Devon,20063
Louisa,20027
Dolly,20021
Reynaldo,20014
Stefan,20003
Phil,19991
Ophelia,19990
Noreen,19979
Rylie,19913
Gale,19901
Perla,19883
Lacy,19871
Vicente,19831
Carmella,19823
Nayeli,19814
Jayda,19799
Brendon,19778
Karissa,19740
Kassidy,19723
Kristian,19723
Terrie,19721
Gunner,19692
Christian,19676
Cali,19666
Esperanza,19650
Sybil,19645
Nathalie,19627
Elyse,19572
Maura,19419
Aron,19418
Tate,19384
Tabatha,19359
Madilyn,19354
Sarai,19301
Gus,19264
Tanisha,19237
Ariel,19232
Prince,19209
Dollie,19174
Letha,19137
Derick,19117
Maci,19107
Susanna,19107
Bryanna,19097
Jax,19094
Arya,19091
Kelsie,19081
Ashton,19075
Mikaela,19074
Kyleigh,19050
Precious,19021
Reece,18855
Melisa,18842
Dona,18841
Kiley,18833
Lilliana,18792
Emery,18741
Claudette,18740
Adolph,18731
Kenzie,18711
Major,18690
Annmarie,18660
Beckett,18659
Scotty,18644
Jamison,18644
Ignacio,18615
Kade,18611
Lupe,18593
Araceli,18564
Alexus,18537
Kaylin,18454
Valarie,18452
Dulce,18449
Justice,18448
Adelyn,18436
Bobbie,18402
Kobe,18385
Latisha,18381
Selina,18359
Katlyn,18354
Paulina,18346
Ahmad,18296
Octavia,18286
Marcel,18273
Magdalena,18236
Roxie,18214
Abram,18211
Pierre,18195
Phoenix,18194
Augustus,18154
Annika,18124
Pearlie,18122
Hollie,18121
Eleanore,18092
Nehemiah,18086
Adriel,18073
Orion,18063
Maximiliano,18036
Asa,17988
Gay,17984
Gemma,17967
Belle,17950
Kurtis,17915
Porter,17902
Dion,17902
Sonny,17897
Chanel,17896
Odessa,17886
Aspen,17885
Efrain,17872
Uriel,17867
Lyric,17861
Saundra,17850
Juana,17846
Lilian,17842
Chuck,17839
Miracle,17837
Beatriz,17834
Roslyn,17821
Ulysses,17789
Amara,17756
Ilene,17741
Samara,17682
Martina,17646
Melina,17639
Itzel,17604
Rusty,17593
Arline,17570
Kimberlee,17564
Skylar,17564
Emory,17548
Zackery,17536
Tommie,17495
Wiley,17484
Ainsley,17466
Pierce,17437
Reese,17424
Messiah,17415
Remington,17411
Justice,17400
Finley,17376
Abbey,17363
Alyce,17341
Kinley,17331
Jarvis,17314
Jerry,17312
Santos,17306
Elissa,17304
Lorrie,17303
Joselyn,17297
Keenan,17275
Chandra,17272
Janae,17246
Ned,17244
Theo,17236
Rhea,17224
Elvis,17215
Elliana,17210
Loraine,17175
Avis,17168
Althea,17161
Marta,17140
Devin,17106
Vivienne,17104
Fernanda,17096
Lilah,17090
Jeanie,17065
Al,17026
Liza,17019
Jett,17014
Anya,17014
Gideon,16995
Liana,16989
Lina,16941
Gia,16924
Cortney,16912
Bruno,16907
Aniya,16890
Tyler,16877
Consuelo,16876
Nanette,16859
Sharron,16856
Libby,16856
Marianna,16836
Carey,16815
Josh,16812
Suzette,16790
Karson,16773
Deirdre,16772
Coy,16769
Coleman,16766
Mina,16756
Zelma,16751
Javon,16750
Millard,16729
Carmen,16665
Jacklyn,16641
Curt,16640
Hal,16629
Blair,16620
Nona,16615
Mohamed,16611
Ollie,16586
Braylon,16576
Aldo,16543
Nicolette,16525
Earline,16523
Carley,16519
Russel,16498
Humberto,16484
Damion,16450
Anahi,16443
Lavonne,16440
Kermit,16433
Ernie,16430
Destinee,16412
Amari,16382
Amira,16372
Augusta,16368
Maximilian,16364
Thurman,16361
Norris,16361
Bart,16356
Monroe,16317
Galen,16294
Kaydence,16291
Rickie,16287
Cathryn,16246
Shelby,16228
Enzo,16176
Kaitlynn,16160
Evie,16139
Archer,16136
Kareem,16132
Denver,16130
Royal,16104
Houston,16100
Haven,16089
Cohen,16084
Barney,16076
Earnestine,16072
Madisyn,16072
Rowan,16069
Reyna,16025
Ari,15995
William,15982
Forest,15976
Alden,15969
Journey,15938
Deja,15917
Shayna,15905
Irwin,15881
Georgina,15866
Darian,15852
Kaleigh,15851
Mari,15850
Ezequiel,15848
Dee,15831
Regan,15831
Addyson,15817
Brandie,15813
Madelynn,15813
Gillian,15806
Roseann,15800
Kellen,15800
Graciela,15790
Margery,15775
Mariam,15764
Margot,15759
Adolfo,15744
Ashley,15721
Casandra,15717
Alvaro,15716
Carina,15716
Eddie,15715
Chrystal,15714
Janna,15702
Reva,15698
Gunnar,15695
Danica,15694
Kathrine,15688
Rashad,15674
Corina,15661
Cristal,15631
Rosella,15627
Lexie,15607
Janell,15607
Harris,15599
Tyrell,15575
Joesph,15572
Elle,15546
Muhammad,15541
Ester,15535
Hailee,15519
Lelia,15509
Jerri,15462
Wilmer,15457
Luann,15455
Deshawn,15442
Jamar,15439
Marcie,15436
Edwina,15425
Kierra,15423
Brice,15423
Adrian,15409
Minerva,15401
Queen,15389
Cullen,15383
Shania,15381
Truman,15372
Brynlee,15360
Kane,15358
Maeve,15344
Ayanna,15338
Charmaine,15326
Bria,15321
Jeffry,15309
Denny,15279
Donte,15269
Amiyah,15269
Ahmed,15259
Nash,15258
Thea,15256
Anika,15254
Isaias,15187
Carlene,15176
Mary,15172
Armand,15168
Jaqueline,15162
Felicity,15162
Rosalinda,15154
Knox,15150
Lynnette,15138
Agustin,15108
Cheyanne,15094
Alphonso,15086
Kathie,15086
Matias,15086
Fletcher,15079
Colten,15063
Terra,15021
Katheryn,15004
Celina,14998
Hans,14986
Sanford,14979
Brayan,14970
Quintin,14961
Monty,14918
Tillie,14905
Hollis,14901
Chantel,14888
Tiffani,14887
Stephany,14884
Marietta,14883
Iker,14864
Maynard,14858
Deanne,14846
Carlo,14845
Kaelyn,14832
Tierra,14817
Jannie,14811
Ward,14805
Dayton,14803
Bailee,14798
Isabell,14777
Charlee,14760
Sloane,14758
Odell,14756
Lorelei,14740
Merlin,14727
Merle,14718
Mohammad,14700
Zelda,14696
Rosanne,14694
Moshe,14680
Brenton,14675
Princess,14658
Ursula,14658
Aleah,14651
Deidre,14650
Blair,14644
Maia,14638
Bryon,14633
Carlie,14625
Kiersten,14602
Estrella,14577
Ace,14562
Deon,14548
Vito,14542
Jazlyn,14540
Melany,14540
Joelle,14529
Corine,14528
Wendi,14505
Myla,14494
Rhiannon,14484
Marlee,14474
Aline,14474
Lawson,14453
Lourdes,14452
Tyra,14443
Gerry,14429
Lesly,14426
Noel,14422
Halle,14393
Scarlet,14393
Amina,14372
Camron,14368
Aurelia,14363
Kolton,14362
Dayna,14336
Ronny,14334
Annabel,14322
Kirby,14314
Lyndsey,14292
Tyree,14279
Rosanna,14257
Kamila,14243
Frederic,14235
Nita,14225
Hester,14216
Kieran,14212
Kris,14206
Elisha,14194
Ronan,14181
Tamera,14180
Tess,14171
Earlene,14165
Kory,14150
Melva,14149
Markus,14149
Leeann,14146
Donnell,14144
Delmar,14139
Concetta,14132
Karyn,14129
Alena,14129
Ariella,14066
Lessie,14065
Nasir,14062
Haleigh,14054
Nataly,14039
Meaghan,14034
Weldon,14034
Mohammed,14031
Jimena,14020
Kaila,14012
Dylan,14002
Zara,14001
Annabella,13987
Thalia,13969
Elisha,13969
Anaya,13967
Domingo,13953
Jayme,13949
Hiram,13949
Stacey,13926
Renae,13919
Aubrie,13897
Marci,13893
Tammi,13883
Micaela,13879
Janessa,13875
Clement,13864
Osvaldo,13861
Trevon,13844
Edythe,13841
Ibrahim,13831
Petra,13801
Benito,13800
Chelsie,13758
Amalia,13734
Tamra,13710
Augustine,13704
Scot,13697
Maryanne,13678
Kourtney,13677
Bertie,13674
Braydon,13640
Liberty,13608
Dallas,13604
Benita,13602
Jordon,13571
Sheree,13548
Kris,13528
Deena,13525
Eddy,13482
Finley,13480
Kailyn,13466
Josefina,13460
Jaden,13451
Madge,13430
Annalise,13403
Devan,13353
Kaley,13352
Hank,13348
Thiago,13347
Jaelyn,13345
Braeden,13334
Rebeca,13332
Kaia,13318
Louella,13312
Maryjane,13292
Georgette,13277
Blake,13254
Adrianne,13219
Dahlia,13217
Mitchel,13216
Demarcus,13212
Laverne,13209
Nico,13206
Jarred,13187
Chaya,13183
Magnolia,13168
Roxanna,13164
Ember,13145
Garret,13143
Maud,13141
Kaye,13137
Jena,13115
Mitzi,13114
Chadwick,13098
Kennedi,13093
Gussie,13084
Kori,13080
Carmine,13075
Seymour,13074
Addison,13069
Luciano,13056
Marilynn,13051
Bridgett,13050
Adela,13037
Roselyn,13032
Maryellen,13022
Beverley,13008
Rocio,13000
America,12990
Marylou,12985
Legend,12976
Aylin,12970
Catharine,12966
Merrill,12943
Krystle,12938
Adonis,12937
Madyson,12926
David,12926
Lilia,12925
Celine,12924
Yasmine,12918
Leia,12902
Dayana,12900
Luisa,12895
Aida,12862
Tianna,12855
Dara,12850
Desirae,12845
Karlee,12835
Davon,12832
Birdie,12829
Lakeisha,12821
Mckayla,12816
Gena,12810
Maricela,12799
Basil,12782
Arlo,12763
Wilda,12752
Donny,12737
Linwood,12733
Tameka,12729
Carey,12722
Theron,12713
Dalia,12703
Hunter,12689
Zella,12670
Micah,12669
Giovanna,12622
Cari,12622
Maliyah,12610
Jamari,12593
Yadira,12581
Judson,12561
Adelina,12557
Skyla,12537
Jolie,12508
Loren,12482
Miley,12479
Arleen,12443
Sawyer,12441
Trista,12440
Charles,12437
Wilhelmina,12435
Lulu,12422
Izaiah,12403
Tamia,12390
Gale,12390
Moriah,12363
Gino,12341
Morton,12330
Carlee,12313
Keely,12311
Lakisha,12307
Veda,12303
Kacie,12296
Francisca,12296
Kailee,12291
Gracelyn,12276
Brycen,12267
Layne,12263
Diann,12252
Stevie,12243
Emersyn,12240
Milan,12228
Antwan,12210
Caryn,12182
Georgie,12164
Anissa,12160
Jesse,12144
Davion,12137
Sharlene,12128
Johan,12116
Atticus,12088
Lawanda,12087
Emmitt,12074
Vince,12060
Annemarie,12059
Clair,12043
Justina,12039
Ashanti,12038
Mervin,12024
Damaris,12017
Kristal,12001
Raelyn,12000
Coleen,11994
Foster,11989
Chana,11965
Sage,11953
Remi,11947
Alecia,11946
Janel,11943
Janiyah,11941
Lizette,11935
Kason,11927
Iona,11924
Trace,11911
Nigel,11906
Leta,11891
Gianni,11888
Abbigail,11872
Laney,11857
Shelton,11852
Reggie,11848
Kasey,11833
Dudley,11827
Killian,11820
Cyril,11819
Blakely,11815
Maudie,11802
Adaline,11795
Phoenix,11783
Luciana,11777
Twila,11751
Jensen,11745
Brittani,11739
Jarod,11737
Julien,11721
Bo,11710
Cordelia,11694
Iliana,11691
Annamarie,11690
Deangelo,11683
Kaylyn,11675
Jadyn,11655
Kitty,11645
Shaina,11633
Cori,11631
Angelita,11592
Erich,11584
Reina,11582
Kenna,11558
Roxana,11539
Lucian,11522
Armani,11511
Earle,11505
Renata,11484
Rayna,11482
Rosalee,11480
Christen,11474
Vern,11462
Kaylynn,11458
Leora,11444
Cherry,11437
Shea,11428
Patience,11428
Cleo,11422
Maranda,11413
Alia,11412
Lesa,11408
Letitia,11396
Enoch,11393
Booker,11382
Alfreda,11381
Ashly,11377
River,11375
Dessie,11372
Tevin,11366
Vada,11359
Valencia,11347
Winona,11342
Joe,11318
Claudine,11307
Ciera,11307
Talon,11305
Triston,11297
Hayes,11275
Mira,11274
Katina,11273
Carmelo,11272
Florine,11254
Devonte,11239
Millicent,11237
Cornell,11232
Vida,11226
Alva,11222
Mekhi,11216
Ivory,11213
Cristopher,11212
Farrah,11204
Luka,11178
Stevie,11178
Emelia,11169
Christin,11166
Jayleen,11166
Breana,11156
Winter,11142
Isis,11138
Korey,11134
Ryland,11119
Amani,11115
Kallie,11098
Yaretzi,11095
Evelynn,11056
Rigoberto,11049
Tayler,11049
Mikel,11049
Lauri,11044
Marlena,11040
Hana,11028
Mathias,11019
Marquita,11010
Adelynn,11009
Raina,11008
Journee,11001
Benson,10998
Demi,10956
Ayana,10954
Pansy,10953
Yahir,10952
Jamel,10926
Jayceon,10925
Kacey,10916
Fidel,10913
Jaron,10909
Mayme,10906
Claud,10893
Macey,10884
Dirk,10864
Karlie,10858
Kolby,10856
Kenton,10847
Demetria,10847
Buford,10843
Edison,10838
Gayla,10838
Kyrie,10835
Lona,10833
Mckinley,10833
Ansley,10828
Sullivan,10827
Freeman,10827
Kadence,10823
Mariela,10822
Denzel,10815
Averie,10796
Ulises,10786
Octavio,10753
Braylen,10753
Ivette,10751
Kash,10746
Zariah,10742
Theodora,10738
Alijah,10708
Freida,10708
Domenic,10701
Joslyn,10683
Joseph,10679
Daren,10676
Lidia,10672
Clementine,10672
Cayla,10660
Briella,10650
Lainey,10648
Manuela,10635
Alonso,10633
Omari,10628
Denice,10627
Rosario,10597
Retha,10597
Rohan,10596
Karli,10585
Shayne,10585
Nikita,10583
Scottie,10582
Portia,10563
Gregorio,10562
Cherish,10557
Beckham,10550
Christiana,10549
Herschel,10531
Everette,10529
Kennith,10515
Isabela,10513
Giuliana,10508
Karly,10506
Dusty,10493
Racheal,10491
Janiya,10481
Bernardo,10478
Landyn,10474
Lacie,10472
Brook,10469
Belen,10456
Robby,10447
Cordell,10428
Nathanial,10428
Lucretia,10422
Deven,10422
Leota,10420
Alvina,10412
Wilford,10409
Michel,10408
Coral,10406
Sandy,10406
Hassan,10391
Cortez,10385
Gonzalo,10359
Marva,10358
Danette,10355
Brinley,10341
Rowena,10336
Davin,10321
Alphonse,10321
Wilburn,10318
Vonda,10312
Dinah,10306
Darien,10306
Judi,10300
Merry,10299
Zuri,10288
Deidra,10286
Breanne,10285
Jacoby,10283
Alani,10269
Freddie,10268
Felecia,10268
Nan,10267
Jairo,10257
Aleena,10257
Daxton,10234
Jaquan,10232
Astrid,10229
Delphine,10228
Tatyana,10224
Danika,10224
Shantel,10210
Marquise,10201
Antony,10192
Zoie,10184
Deann,10180
Rhys,10172
Marybeth,10168
Samson,10153
Matthias,10149
Kamden,10140
Maryam,10134
Marisela,10130
Marcelo,10128
Ryann,10126
Jaliyah,10121
Ali,10112
Kathi,10108
Nylah,10102
Hershel,10100
Winfred,10094
Beryl,10094
Catrina,10093
Malakai,10091
Sandi,10090
Brodie,10081
Elmo,10080
Melodie,10070
Lavern,10068
Pasquale,10062
Elouise,10059
Uriah,10058
Layton,10049
Gilda,10049
Everleigh,10043
Zechariah,10041
Freya,10032
Ashlie,10014
Heriberto,10003
Margret,10002
Mandi,9996
Alycia,9992
Haylie,9985
Valentin,9978
Maren,9971
Shellie,9967
Lenard,9961
Nestor,9957
Shiloh,9953
Dario,9948
Randell,9948
Ione,9946
George,9943
Johnna,9940
Chaim,9938
Tessie,9937
Eliseo,9933
Gisselle,9931
Arely,9923
Kelsi,9919
Berniece,9909
Jadon,9890
Tera,9870
Selah,9864
Lettie,9857
Brylee,9847
Savanah,9847
Latanya,9840
Karrie,9838
Aliza,9838
Juniper,9835
Lon,9828
Natalee,9808
Kian,9799
Jaylin,9791
Kaliyah,9786
Emmy,9773
Dionne,9766
Sunny,9764
Rolland,9763
Bennie,9761
Amya,9747
Jaycee,9709
Cason,9708
German,9704
Benton,9701
Debby,9696
Chaz,9682
Chastity,9681
Monika,9677
Milagros,9674
Fallon,9672
Essence,9655
Lauretta,9651
Christal,9651
Treva,9645
Jaylon,9644
Bobby,9638
Celestine,9636
Finnegan,9635
Kristofer,9626
Ally,9625
Jacquelin,9619
Zaria,9618
Lemuel,9617
Arjun,9617
Iola,9615
Duke,9598
Oma,9593
Garth,9590
Santino,9590
Mckinley,9571
Unknown,9570
Anabel,9567
Lanny,9562
Caren,9557
Bronson,9553
Shirley,9551
Fanny,9540
Kimber,9535
Tristin,9535
Madonna,9532
Sade,9532
Richard,9530
Shanice,9530
Unknown,9518
Chauncey,9518
Braelyn,9513
Lura,9512
Pattie,9503
Jaimie,9503
Evangelina,9501
Tisha,9497
Philomena,9497
Kaci,9486
Christopher,9482
Olin,9477
Jovan,9464
Kellan,9450
Bud,9444
Lisette,9442
Karol,9434
Starr,9433
Jacques,9418
Jaylah,9416
Aliya,9415
Laci,9415
Wilfredo,9406
Myah,9400
Alysha,9394
Rico,9392
Brant,9383
Abe,9376
Liz,9367
Georgiana,9365
Kasandra,9363
Suzanna,9359
Alysia,9357
London,9353
Barton,9346
Mac,9332
Erin,9332
Lucius,9326
Atlas,9322
Magdalene,9315
Berenice,9309
Danial,9309
Charley,9308
Dottie,9306
Alessandro,9295
Jerrod,9291
Jaida,9289
Paloma,9288
Venus,9273
Alex,9269
Bradly,9262
Lyndon,9254
Sydney,9250
Linnea,9241
Lashonda,9235
Madilynn,9231
Tana,9230
Benedict,9207
Shyanne,9199
Raymundo,9197
Dax,9196
Aracely,9171
Niko,9159
Bernie,9158
Maegan,9148
Georgianna,9146
Patrica,9144
Dominik,9129
Antionette,9124
Latrice,9121
Cliff,9120
Caylee,9100
Zayne,9099
Gracelynn,9098
Mariano,9097
Jaylene,9094
Fabiola,9089
Addisyn,9086
Malaysia,9085
Kaya,9076
Odin,9075
Sarina,9070
Ambrose,9068
Jazmyn,9067
Suzan,9056
Erna,9054
Enid,9046
Davina,9035
Tiffanie,9028
Kayson,9021
Noble,9014
Dannie,9006
Dino,8995
Stacia,8982
Kenia,8979
Mireya,8962
Dovie,8958
Paris,8954
Corey,8952
Gail,8951
Raleigh,8950
Turner,8949
Maurine,8948
Marlys,8943
Mercy,8927
Coby,8917
Katelin,8901
Griselda,8900
Elda,8898
Chandler,8895
Xiomara,8893
Daleyza,8875
Andria,8865
Agatha,8861
Armani,8860
Aryanna,8858
Brennen,8856
Brigitte,8853
Bree,8850
Josef,8848
Roxann,8847
Kendal,8840
Lucien,8837
Malissa,8834
Jules,8826
Salma,8819
Samir,8802
Rodrick,8800
Yareli,8797
Adrien,8795
Jeanna,8793
Kyle,8791
Annetta,8784
Zaiden,8782
Ferdinand,8780
Siena,8779
Cannon,8775
Kristyn,8772
Kirstin,8769
Vincenzo,8768
Giana,8758
Allene,8755
Aiyana,8754
Jaylynn,8754
Alva,8752
Oren,8747
Lorine,8744
Katarina,8742
Kole,8732
Rod,8731
Rob,8730
Deacon,8727
Jaydon,8726
Yazmin,8726
Alene,8712
Misael,8709
Valentino,8703
Harriette,8699
Leif,8685
Raiden,8684
Kami,8673
Tyrese,8673
Jabari,8672
Holli,8672
Keven,8670
Carli,8670
Ariah,8668
Zora,8658
Nakia,8657
Carol,8656
Tracey,8650
Saige,8647
Evalyn,8637
Boston,8632
Broderick,8630
Lizeth,8623
Estevan,8617
Reta,8615
Lolita,8610
Luanne,8598
Kimora,8593
Federico,8592
Robbin,8585
Kerrie,8584
Emmalee,8569
Livia,8564
Wilton,8562
Doretha,8562
Errol,8559
Dashawn,8556
Mazie,8556
Simeon,8555
Ofelia,8554
Anabelle,8550
Jed,8545
Dimitri,8543
Alexandrea,8543
Daria,8538
Lyman,8527
Kasen,8525
Estela,8520
Gertie,8518
Omer,8515
Miah,8512
Delois,8500
Stephon,8498
Justus,8496
Thomas,8478
Yusuf,8472
Nikolai,8470
Delma,8449
Jerrold,8449
Stan,8445
Jaelynn,8428
Lilyana,8420
Paislee,8419
Ivory,8413
Yosef,8403
Hezekiah,8398
Richelle,8397
Sherlyn,8386
Lindy,8385
Emmie,8379
Bodhi,8375
Corrie,8374
Rory,8371
Devyn,8368
Jamaal,8363
Elana,8362
Chantal,8361
Madalynn,8361
Dani,8353
Keon,8340
Fredric,8325
Misti,8324
Keyla,8313
Bristol,8310
Zack,8301
Kayley,8297
Jaylin,8292
Dangelo,8291
Darleen,8282
Kamari,8278
Marcela,8277
Abril,8273
Emile,8268
Jaxton,8256
Abner,8252
Asha,8243
Maleah,8237
Remy,8236
Hoyt,8228
Sariah,8223
Daniel,8214
Keagan,8206
Leighton,8196
Shakira,8195
Milford,8192
Charli,8190
Marcellus,8189
Korbin,8187
Rosalia,8185
Thad,8170
Leighton,8169
Lakesha,8168
Palmer,8167
Odis,8164
Harlow,8156
Rey,8155
Zola,8152
Vesta,8151
Bowen,8150
Jaiden,8146
Tena,8140
Sydnee,8140
Leyla,8137
Westley,8131
Marjory,8128
Leandro,8113
Buster,8108
Cristy,8108
Eloy,8105
Audrina,8103
Soren,8102
Miller,8083
Kianna,8071
Donavan,8064
Brisa,8063
Verda,8062
Newton,8055
Kylan,8053
Darrick,8050
Hamza,8031
Cecily,8029
Rivka,8029
Jacquline,8029
Alayah,8025
Starla,8024
Lorri,8022
Meadow,8021
Geri,8021
Aja,8019
Devante,8015
Cale,8013
Charla,8010
Shanda,7997
Arron,7982
Darby,7980
Tylor,7980
Kip,7978
Amelie,7971
Elianna,7963
Case,7962
Sky,7962
Rubi,7956
Belva,7955
Ford,7931
Marques,7930
Garrison,7929
Linnie,7923
Dorene,7922
Orval,7915
Bertram,7915
Toby,7914
Giancarlo,7908
Warner,7903
Deonte,7898
Shea,7897
Germaine,7894
Amirah,7886
Amaris,7863
Efren,7858
Raymon,7855
Hendrix,7843
Abdullah,7842
Una,7841
Jedidiah,7832
Montana,7822
Hellen,7806
Kaycee,7804
Taliyah,7804
Mose,7804
Ona,7804
Elian,7800
Raheem,7786
Kenyon,7786
Antonette,7783
Austen,7781
Amiya,7781
Isidro,7773
Andreas,7770
Barbra,7758
Ronnie,7756
Daquan,7747
Star,7746
Napoleon,7732
Yaritza,7729
Kayden,7728
Roma,7725
Julieta,7722
Lindsey,7721
Blaise,7720
Madison,7720
Patsy,7713
Jayde,7711
Cathrine,7709
Saylor,7706
Lennox,7703
Francesco,7702
Tod,7699
Cindi,7696
Emerald,7690
Sabina,7688
Destini,7685
Cecil,7682
Jamila,7678
Sincere,7674
Sammie,7669
Xzavier,7663
Lenny,7662
Stanford,7659
Eden,7654
Quinten,7650
Drew,7645
Jacey,7634
Jeana,7633
Delmer,7629
Ivanna,7628
Dania,7624
Destiney,7620
Kala,7611
Joana,7609
Elida,7608
Maisie,7606
Karley,7601
Anais,7597
Selene,7586
Elia,7582
Addilyn,7578
Princeton,7565
Arden,7564
Dwain,7559
Velda,7559
Kia,7557
Franco,7517
Columbus,7512
Daron,7510
Braelynn,7504
Lilith,7503
Danita,7502
Oakley,7499
Elvia,7496
Darrius,7493
Susannah,7489
Emmalyn,7479
Aric,7478
Olen,7475
Alesha,7467
Tyron,7456
Frida,7456
Dandre,7452
Mackenzie,7446
Shyla,7444
Shonda,7444
Sol,7443
Kayleen,7433
Iesha,7432
Jerold,7425
Milan,7424
Lissette,7423
Alesia,7408
Nicky,7407
Moira,7407
Juliann,7402
Cletus,7402
Valorie,7401
Ami,7397
Renita,7396
Jaylee,7391
Ginny,7383
Halie,7373
Marilee,7371
Cristobal,7371
Charleen,7362
Alyse,7361
Dorris,7360
Kinsey,7360
Mathilda,7358
Pamala,7356
Azalea,7356
Tristian,7355
Elroy,7355
Genaro,7354
Peggie,7354
Candi,7351
Lashawn,7346
Ellsworth,7332
Kalyn,7318
Zain,7312
Collette,7309
Yessenia,7300
Imelda,7296
Hettie,7293
Vernice,7290
Monserrat,7288
Kale,7283
Braiden,7273
Lilianna,7267
Dee,7264
Berta,7256
Anson,7241
Sharyn,7238
Aurelio,7224
Roseanne,7215
Carson,7212
Miya,7210
Katerina,7207
Reagan,7204
Lyn,7199
Branson,7193
Eliot,7190
Tamela,7187
Karsyn,7186
Dewitt,7186
Galilea,7186
Burl,7168
Bess,7159
Stormy,7157
Jamil,7157
Alpha,7151
Memphis,7146
Mariann,7136
Dorcas,7135
Donnie,7126
Vernell,7124
Flor,7123
Carmel,7117
Samira,7114
Valery,7106
Nathaly,7105
Nedra,7104
Laureen,7103
Unique,7103
Ephraim,7098
Eryn,7093
Seamus,7093
Murphy,7093
Jerrell,7090
Ike,7082
Anthony,7079
Jamarion,7076
Danelle,7075
Kaiya,7069
Salina,7068
Jenelle,7064
Maryjo,7047
Cassius,7045
Leonora,7044
Charleigh,7039
Lucero,7038
Elyssa,7035
Rogers,7018
Eliezer,7015
Nelly,7012
Kai,7009
Bryn,7006
Tressa,7000
Leonidas,6994
Gene,6992
Tonja,6989
Khalid,6982
Shelli,6982
Alysa,6979
Carter,6974
Shay,6973
Marcelino,6973
Rubin,6969
Niki,6968
Darion,6964
Ruthann,6960
Maximo,6959
Kennedy,6957
Evelin,6957
Connie,6957
Michell,6956
Rubye,6954
Stefani,6945
Alaya,6945
Noelia,6937
Ivana,6933
Sherrill,6932
Corinna,6929
Ronin,6927
Aletha,6923
Siobhan,6921
Eleanora,6919
Twyla,6918
Carmelita,6916
Treasure,6913
Jazlynn,6899
Huey,6893
Lonnie,6893
Jaunita,6892
Keila,6891
Nikole,6890
Annalee,6887
Kayli,6879
Lucie,6877
Giovani,6870
Tad,6869
Arlen,6868
Alexzander,6865
Socorro,6865
Garnet,6862
Dereck,6862
Tory,6854
Danae,6849
Lani,6847
Khadijah,6847
Rikki,6846
Lavern,6845
Calista,6844
Mimi,6844
Leandra,6839
Sarahi,6837
Hilton,6829
Blaze,6826
Joey,6822
Draven,6821
Zahra,6816
Dortha,6811
Johnson,6809
Kassie,6808
Ima,6799
Kandice,6795
Jorden,6790
Aviana,6790
Hadassah,6789
Kensley,6787
Kaylen,6781
Vivien,6780
Channing,6777
Dillan,6766
Denisse,6766
Gabriel,6764
Kamron,6763
Emory,6763
Karma,6756
Shaylee,6753
Richie,6753
Aryana,6749
Kristian,6745
Jagger,6741
Wilber,6740
Carleen,6739
Litzy,6721
Tosha,6719
Karmen,6715
Edwardo,6714
Alexandro,6711
Marlo,6711
Violeta,6709
Lyndsay,6706
Marlyn,6697
Natalya,6673
Joan,6662
Jamir,6662
Lars,6662
Jamey,6660
Anders,6657
Gerry,6656
Ariyah,6654
Wynter,6652
Aliana,6648
Melvina,6636
Akira,6633
Averi,6630
Arlie,6629
Kisha,6627
Allyssa,6622
Lorelai,6620
Floy,6612
Stanton,6597
Annabell,6596
Alannah,6593
Kyson,6588
Kailani,6588
Chantelle,6587
Malaya,6584
Mariel,6582
Kenley,6580
Lavina,6572
Saniya,6570
Adina,6564
Felton,6564
Estefania,6562
Lazaro,6561
Burt,6554
Krysta,6552
Theda,6551
Janeen,6543
Donn,6543
Nila,6541
Joleen,6541
Tawana,6540
Aryan,6539
Rosita,6536
Rayan,6532
Harlee,6532
Jacky,6529
Joycelyn,6525
Jakayla,6523
Cory,6520
Devyn,6519
Idella,6518
Eboni,6509
Remington,6509
Harmon,6506
Jovani,6504
Terese,6502
Alba,6501
Haywood,6492
Vikki,6487
Baron,6485
Johana,6484
Avianna,6482
Ashely,6481
Mickey,6477
Lexus,6476
Lue,6474
Teressa,6470
Jasiah,6469
Nanci,6469
Cain,6468
Lacy,6467
Eloisa,6465
Travon,6456
Wren,6456
Callum,6449
Latosha,6442
Saniyah,6438
Bettina,6438
Rayne,6437
Tristan,6428
Kora,6424
Isai,6421
Blanch,6420
Britany,6417
Fritz,6415
Vanesa,6412
Semaj,6407
Sharla,6407
Darci,6403
Aleta,6402
Zion,6399
Laquita,6398
Artie,6398
Angus,6397
Noor,6396
Zayn,6390
Otha,6386
Makai,6383
Leander,6382
Shaniya,6381
Ardis,6380
Toney,6379
Emmaline,6378
Emmet,6373
Zaire,6370
Kelton,6367
Leigha,6364
Valentine,6355
Jackeline,6347
Caryl,6347
Zeke,6344
Dayanara,6340
Lonny,6329
Kyree,6324
Hortense,6313
Camren,6311
Giovanny,6307
Buck,6306
Arden,6303
Juli,6299
Mittie,6297
Jessi,6295
Kaylah,6295
Alaia,6294
Whitley,6290
Nannette,6276
Sloan,6270
Jair,6268
Anabella,6265
Carlotta,6263
Pearline,6262
Trever,6262
Kandace,6262
Jocelynn,6260
Callen,6257
Stetson,6256
Akeem,6249
Carolynn,6249
Antwon,6247
Kaela,6244
Javion,6244
Oakley,6243
Lavon,6240
Hamilton,6239
Maxim,6238
Shyann,6230
Tatum,6230
Cataleya,6228
Kelley,6224
Yoselin,6223
Karis,6222
Ira,6222
Keanu,6222
Tariq,6219
Chiquita,6218
Camilo,6217
Charline,6213
Lennon,6209
Tenley,6209
Karon,6208
Tegan,6207
Brigid,6206
Arnulfo,6204
Meta,6201
Nathalia,6198
Adria,6196
Yehuda,6195
Josette,6194
Darian,6191
Shameka,6191
Verla,6190
Amberly,6189
Adell,6187
Rashawn,6187
Bonny,6186
Constantine,6181
Harper,6180
Ishmael,6180
Aarav,6179
Nevin,6173
Kalvin,6173
Baby,6165
Demario,6145
Cedrick,6144
Leone,6138
Esme,6124
Myrtis,6121
Darron,6119
Adriane,6118
Maybelle,6117
Golda,6115
Margarette,6111
Gaylord,6086
Chanda,6079
Ramsey,6078
Gannon,6078
Nicki,6073
Noa,6071
Britton,6071
Taya,6069
Abdul,6068
Keeley,6067
Carrol,6066
Makena,6062
Jalisa,6044
Briley,6043
Russ,6039
Mauro,6037
Abigayle,6030
Bryana,6025
Cinthia,6025
Gwyneth,6024
Leatha,6023
Maribeth,6021
Nathen,6020
Bishop,6017
Maira,6017
Menachem,6015
Mika,6015
Dawna,6012
Lupe,6011
Hailie,6011
Franklyn,5996
Arlette,5995
Art,5992
Laylah,5992
Jemma,5989
Milena,5988
Brittni,5986
Novella,5984
Priya,5984
Jerod,5983
Ivonne,5982
Mariyah,5981
Yuliana,5977
Rihanna,5970
Ines,5965
Ayaan,5963
Lennon,5962
Orpha,5951
Kraig,5951
Lylah,5942
Jessika,5939
Baby,5939
Lailah,5939
Evette,5938
Andrea,5936
Kathryne,5932
Remy,5929
Kalani,5927
Mustafa,5927
Campbell,5923
Ean,5920
Ashtyn,5919
Shamar,5917
Milani,5914
Antone,5914
Whitney,5913
Cal,5912
Carroll,5910
Sommer,5908
Jasmyn,5905
Aya,5903
Langston,5902
Santana,5899
Felisha,5897
Ayesha,5896
Nixon,5890
Williams,5890
Orin,5882
Brandt,5882
Adilene,5878
Areli,5873
Jessa,5868
Chet,5867
Leatrice,5864
Lida,5864
Karolyn,5861
Hyman,5858
Zavier,5848
Prudence,5843
Paul,5843
Verne,5841
Sharonda,5839
Leonor,5833
Normand,5831
Katia,5829
Edgardo,5829
Avah,5822
Nicolle,5821
Derrell,5815
Jonnie,5811
Davian,5809
Vickey,5807
Azaria,5807
Leopoldo,5807
Kelsea,5805
Shante,5805
Lovie,5798
Lauren,5797
Tamar,5790
Marnie,5789
Giuseppe,5781
Breann,5780
Zainab,5779
Corrina,5776
Abagail,5770
Jordy,5768
Keshawn,5768
Joi,5768
Pennie,5764
Douglass,5762
Antonella,5761
Lisbeth,5760
Stephenie,5756
Demond,5754
Gaye,5747
Teena,5746
Ireland,5745
Venessa,5742
Braylee,5742
Madden,5742
Eleni,5741
Reyes,5741
Crew,5739
Janay,5737
Abigale,5731
Hobert,5724
Danyelle,5723
Elden,5722
Lesli,5720
Roseanna,5719
Tripp,5716
Elliott,5715
Kyndall,5713
Abdiel,5711
Oralia,5709
Ayleen,5708
Merritt,5705
Shirlee,5704
Zaniyah,5702
Waldo,5701
Vladimir,5700
Orrin,5698
Venita,5696
Dontae,5696
Walton,5695
Berry,5695
Era,5693
Rhianna,5689
Carleigh,5687
Lillianna,5687
Ashli,5686
Missy,5684
Marcello,5683
Sanaa,5682
Annelise,5679
Oswaldo,5675
Rollin,5674
Brigette,5672
Serina,5672
Jovanni,5671
Sylas,5668
Alfonzo,5666
Lucio,5665
Yasmeen,5662
Koby,5659
Adella,5658
Isadore,5649
Nelle,5645
Amare,5645
Brandan,5642
Sherwood,5642
Aretha,5638
Chyna,5636
Ronaldo,5631
Carolann,5630
Aloysius,5626
Mellissa,5625
Maximillian,5622
Latricia,5621
Jaidyn,5621
Deron,5616
Ora,5609
Tre,5607
Mordechai,5604
Annalisa,5600
Johnpaul,5600
Talmadge,5596
Shaquille,5592
Shanika,5590
Cathie,5586
Ardith,5581
Kattie,5577
Val,5573
Destin,5565
Zena,5564
Donald,5562
Lizabeth,5558
Jade,5558
Garfield,5556
Marin,5552
Hardy,5550
Shae,5548
Aydin,5547
Kandi,5547
Kristan,5546
Keyon,5544
Heidy,5544
Matthew,5541
Darcie,5540
Harland,5536
Syble,5535
Mitch,5533
Nya,5531
Stone,5530
Aydan,5530
Lupita,5530
Alora,5529
Jonna,5526
Yisroel,5526
Fawn,5526
Reanna,5524
Andra,5519
Yajaira,5518
Deion,5517
Shelbie,5516
Tatianna,5515
Easter,5513
Samual,5509
Cambria,5506
Sheridan,5500
Rosario,5500
Yousef,5500
Rayford,5498
Nichelle,5495
Kamilah,5494
Granville,5491
Brandee,5487
Soraya,5486
Kylah,5483
Coty,5480
Judie,5480
Zakary,5479
Hakeem,5478
Karim,5478
Ray,5477
Cheryle,5475
Alessia,5471
Boyce,5468
Deshaun,5467
Rupert,5465
Oleta,5465
Paityn,5459
Jenni,5455
Shelbi,5454
Farah,5454
Lianna,5452
Elliot,5451
Gerri,5446
Zaid,5445
Shira,5444
Caleigh,5441
Anjali,5439
Edd,5437
Rosina,5434
Malcom,5427
Isela,5427
Jamarcus,5426
Cami,5425
Brea,5425
Rylan,5424
Jordyn,5413
Rona,5412
Dorsey,5411
Jaylyn,5410
Hulda,5407
Marquez,5406
Mai,5404
Demarco,5390
Grecia,5389
Filomena,5386
Gustave,5386
Melonie,5383
Mahlon,5383
Katalina,5383
Sunshine,5382
Keshia,5380
Arian,5378
Dock,5378
Jamya,5377
Joellen,5373
Garrick,5371
Dian,5369
Billy,5364
Edward,5361
Marcelle,5356
Delano,5351
Derik,5347
Wylie,5347
Syed,5346
Analia,5344
Junius,5344
Tressie,5344
Dalila,5341
Dejuan,5338
Kenneth,5338
Katlin,5335
Ameer,5331
Kevin,5331
Karie,5331
Andi,5330
Mozelle,5328
Santana,5325
Adelle,5321
Sutton,5320
Cary,5318
Tanesha,5307
Laken,5307
Joanie,5307
Sydni,5300
Kortney,5300
Konnor,5299
Meg,5299
Riya,5298
Adelia,5298
Jessenia,5295
Immanuel,5294
Malka,5293
Rosendo,5293
Tobin,5292
Charisse,5291
Emani,5291
Ernestina,5289
Marshal,5288
Holland,5288
Westin,5286
Cailyn,5284
Kya,5284
Kaylani,5283
Konner,5283
Marlen,5281
Kandy,5281
Hayleigh,5281
Stephani,5280
Savana,5279
Claudio,5276
Artis,5271
Trinidad,5266
Anneliese,5265
Pilar,5261
Kingsley,5260
Donavon,5255
Ilana,5255
Kelsey,5255
Jerrie,5251
Lavinia,5251
Yamileth,5248
Charlize,5242
Norine,5237
Amia,5234
Eleazar,5230
Milana,5230
Jazmyne,5228
Dasia,5227
Jerilyn,5226
Kesha,5221
Reilly,5220
Ileana,5220
Vina,5215
Jannette,5214
Levon,5213
Caesar,5210
Bambi,5201
Delvin,5201
Eldridge,5201
Ellis,5199
Elora,5197
Nyasia,5196
Shiloh,5195
Kevon,5195
Kalie,5194
Judd,5193
Jewel,5193
Elizabeth,5191
Fisher,5190
Donita,5188
Elvera,5188
Zariyah,5187
Concepcion,5185
Winfield,5183
Hosea,5182
Von,5179
Jacalyn,5173
Apollo,5169
Wes,5166
Candis,5166
Anisa,5165
Tayla,5164
Roxane,5162
Louann,5162
Domonique,5161
Shannan,5161
Trena,5160
Evelina,5156
Romona,5150
Regis,5146
Albertha,5145
Jeanetta,5143
Nikhil,5141
Alvis,5140
Johnie,5131
Lindsay,5131
Kynlee,5129
Kolten,5126
Xochitl,5124
Lanie,5122
Shaniqua,5117
Devan,5117
Sydnie,5115
Bridger,5115
Domenick,5114
Chace,5113
Shanta,5112
Jayna,5109
Latonia,5104
Shon,5103
Alyvia,5102
Rowen,5102
Elwin,5100
Casper,5096
Slade,5095
Leigh,5094
Edie,5093
Salena,5090
Chanelle,5089
Vienna,5088
Ridge,5086
Charissa,5086
Breonna,5086
Violette,5084
Greggory,5083
Linsey,5082
Marvel,5080
Azariah,5080
Laron,5079
Gisele,5077
Meryl,5077
Estefany,5072
Shantell,5070
Curtiss,5068
Cydney,5066
Darell,5064
Taj,5062
Shamika,5060
Watson,5059
Nalani,5059
Rubie,5057
Liv,5056
Kalli,5053
Hayward,5048
Magaly,5046
Gavyn,5045
Jaeden,5045
Jacquelynn,5041
Kathlyn,5040
Alize,5039
Darline,5038
Cody,5034
Tyshawn,5032
Evans,5030
Marita,5027
Jason,5021
Aditya,5020
Arvin,5020
Shoshana,5018
Bilal,5015
Evonne,5014
Dallin,5012
Sherie,5010
Nicola,5009
Frances,5001
Callan,4999
Lanette,4998
Rylee,4997
Austin,4996
Yahaira,4994
Tye,4993
Campbell,4992
Madisen,4989
Casen,4987
Bethel,4987
Randy,4981
Denton,4981
Torrey,4980
Taniya,4978
Aaden,4975
Giavanna,4975
Arther,4974
Nada,4970
Afton,4969
Albina,4969
Teagan,4969
Henley,4968
Fran,4968
Kacy,4967
Patricia,4961
Raylan,4960
Alda,4960
Casimir,4960
Yara,4954
Gayle,4951
Mikael,4950
Landry,4948
Jaren,4947
Nyah,4947
Leisa,4945
Sarita,4945
Tawnya,4943
Windy,4942
Glynn,4940
Joshua,4934
Zina,4932
Kadin,4932
Meyer,4927
Sabra,4926
Lyda,4926
Andrew,4923
Kamille,4919
Jerimiah,4917
Shara,4916
Christene,4916
Lynsey,4916
Alexandre,4913
Flynn,4910
Alaysia,4908
Margarett,4904
Garett,4901
Deandra,4897
Kairi,4894
Jaxen,4893
Vilma,4890
Jacque,4889
Caitlynn,4889
Desire,4886
Ouida,4886
Wally,4885
Dori,4883
Kehlani,4883
Chiara,4883
Baylor,4880
Audriana,4875
Smith,4875
Kendyl,4874
Crosby,4873
Brionna,4872
Melia,4872
Leslee,4871
Emogene,4869
Geralyn,4869
Iyana,4866
Madaline,4862
Montserrat,4861
Blaire,4860
Hernan,4859
Janey,4857
Lavon,4856
Shirlene,4856
Gibson,4856
Nena,4852
Gil,4851
Jaci,4851
Tresa,4849
Yaakov,4846
Kaylene,4844
Kalia,4839
Jennifer,4837
Carleton,4833
Austyn,4825
Iyanna,4825
Alisson,4825
Norberto,4824
Jevon,4821
Lawerence,4818
Shanon,4818
Dariel,4815
Winnifred,4814
Margarito,4813
Lyra,4811
Merrick,4810
Lafayette,4808
Rayden,4805
Aliah,4801
Dorinda,4800
Lesley,4797
Jeromy,4792
Shad,4791
Alford,4789
Dorotha,4788
Norene,4788
Rian,4781
Krystina,4781
Alyssia,4780
Donell,4775
Linus,4774
Eugenio,4773
Anastacia,4771
Maddie,4768
Antione,4767
Casie,4762
Shmuel,4762
August,4761
Canaan,4757
Jalyn,4757
Coraline,4753
Braulio,4749
Naya,4749
Kati,4749
Rueben,4742
Collins,4742
Melani,4738
Brittanie,4736
Racquel,4729
Emmeline,4727
Aundrea,4723
Waymon,4722
Keara,4721
Barron,4716
Briggs,4713
Jaylen,4709
Lorin,4709
Lakeshia,4709
Santo,4708
Lucca,4708
Deasia,4705
Leena,4703
Tarah,4702
Poppy,4702
Jesica,4701
Henri,4698
Brandyn,4689
Lucious,4686
Gearldine,4685
Fermin,4684
Jesenia,4683
Tyrus,4680
Deric,4680
Ferne,4676
Lashanda,4674
Romina,4671
Blythe,4670
Lorinda,4669
Rasheed,4668
Kaeden,4667
Jericho,4667
Britt,4667
Shreya,4664
Iman,4662
Delton,4662
Giles,4659
Jewell,4659
Kendell,4653
Makaila,4651
Celena,4648
Enrico,4644
Shanell,4644
Hollis,4642
Jordynn,4641
Maxie,4639
Myranda,4637
Karleigh,4637
Reynold,4635
Bayleigh,4635
Beverly,4633
Glendon,4632
Erlinda,4632
Shalonda,4632
Colson,4630
Bernita,4629
Jalynn,4629
Roni,4628
Landry,4628
Montgomery,4628
Elin,4626
Ariya,4625
Brannon,4625
Yamilet,4623
Ronna,4623
Florene,4616
Aislinn,4614
Frank,4611
Alethea,4610
Audrianna,4606
Elizebeth,4598
Leana,4598
Brain,4597
Lennie,4595
Jovanny,4592
Shlomo,4591
Arnoldo,4591
Cinda,4590
Promise,4590
Malika,4588
Jeramiah,4587
Hasan,4585
Vergie,4582
Grey,4582
Gauge,4580
Cayson,4577
Scarlette,4575
Delanie,4573
Abelardo,4573
Carnell,4572
Elina,4570
Everardo,4570
Jailyn,4569
Eulalia,4568
Mellisa,4565
Brian,4564
Tyesha,4564
Daisha,4563
China,4563
Jasen,4561
Natali,4561
Jessy,4557
Bradyn,4555
Amora,4552
Hilario,4551
Marcell,4549
Ari,4548
Henry,4548
Shay,4545
Sami,4543
Kendal,4542
Samiyah,4533
Trevin,4529
Adalberto,4528
Spencer,4527
Marley,4527
Keren,4526
Thor,4524
Paulo,4522
Tanika,4522
Janeth,4519
Maliah,4519
Alida,4518
Carin,4515
Zona,4514
Shanelle,4514
Kaelynn,4509
Hali,4509
Allegra,4508
Damarion,4508
Cleve,4506
Jaimee,4505
Winford,4502
Aleigha,4502
Neveah,4501
Colter,4499
Jolynn,4499
Priscila,4497
Savion,4495
Sylvie,4495
Aubri,4495
Mark,4491
Christophe,4489
Jeramy,4489
Jeane,4488
Dorian,4486
Annaliese,4486
Jaleel,4484
Cherise,4479
Alexander,4478
Avi,4470
Lavada,4470
Len,4468
Jerrica,4466
Steven,4465
Kye,4465
Magnus,4464
Jennings,4461
Dickie,4459
Jaylan,4458
Heavenly,4458
Davonte,4456
Isreal,4455
Carolee,4453
Jovany,4452
Rina,4452
Johann,4450
Ethelyn,4450
Shani,4449
Torin,4448
Layne,4448
Karri,4447
Kamryn,4446
Briar,4445
Roel,4444
Diya,4439
Boris,4437
Zenobia,4434
Elna,4431
Ellison,4430
Marleigh,4426
Dylon,4424
Markel,4422
Kyndal,4421
Daryl,4419
Pricilla,4418
Dedra,4418
Markell,4418
Crawford,4417
Esta,4415
Presley,4412
Aminah,4409
Shiela,4408
Glory,4408
Ottis,4407
Webster,4407
Kamari,4406
Mindi,4405
Almeda,4402
Myrtie,4401
Debrah,4399
Carie,4399
Vita,4397
Fredy,4397
Dusty,4394
Albin,4393
Dilan,4392
Jai,4392
Zula,4390
Ladarius,4390
Gray,4388
Sibyl,4385
Tremaine,4385
Mechelle,4380
Anitra,4379
Anisha,4375
Evan,4374
Jadiel,4373
Nala,4372
Royalty,4369
Elayna,4368
Melony,4366
Loyal,4362
Kannon,4361
Artie,4361
Dedrick,4358
Chrissy,4357
Cairo,4355
Shimon,4353
Georgene,4353
Herlinda,4352
Niya,4352
Luana,4350
Lita,4348
Dwaine,4347
Yair,4347
Oran,4347
Harleigh,4346
Horacio,4346
Aubrianna,4343
Monroe,4342
Myrtice,4342
Calli,4341
Trystan,4341
Ransom,4340
Melvyn,4339
Aaron,4336
Jeraldine,4334
Lilyanna,4332
Monet,4332
Terrill,4331
Keli,4331
Farrell,4330
Bodie,4325
Timothy,4325
Grayce,4324
Marylin,4323
Kaylan,4321
Cherrie,4318
Blane,4315
Jordin,4315
Britni,4315
Janiah,4315
Gaige,4314
Ricki,4313
Elmira,4312
Yitzchok,4310
Cassondra,4310
Lilla,4304
Santa,4304
Julisa,4302
Patricio,4302
Trinidad,4300
Renea,4296
Denisha,4294
Reilly,4293
Rana,4293
Eric,4293
Wardell,4284
Vihaan,4283
Anjelica,4282
Holley,4281
Gearld,4281
Isha,4280
Justyn,4280
Migdalia,4280
Shasta,4279
Ryne,4278
Naima,4277
Clem,4275
Velva,4274
Marti,4274
Franchesca,4273
Jere,4273
Damari,4270
Cristin,4269
Kimberly,4268
Lorne,4268
Rich,4267
Armond,4265
Leeroy,4258
Sofie,4258
Meredith,4257
Maria,4255
Carrol,4252
Carlyn,4252
Gaynell,4251
Jamia,4250
Titan,4250
Benjiman,4249
Merton,4246
Ely,4245
Darrion,4245
Sariyah,4244
Kenyatta,4243
Kalen,4242
Del,4242
Crista,4240
Linette,4238
Corwin,4237
Delphia,4236
Neha,4236
Estell,4232
Camryn,4232
Hampton,4231
Estefani,4230
Melton,4230
Kailynn,4223
Ajay,4223
Haven,4221
Verona,4218
Kameron,4217
Richmond,4217
Adrain,4215
Mallorie,4213
Amar,4212
Tawny,4212
Honesty,4211
Kohen,4210
Lachlan,4210
Brennon,4209
Echo,4208
Jeremie,4207
Izabelle,4204
Emerie,4204
Samatha,4203
Audie,4203
Nailah,4195
Edson,4193
Jelani,4189
Jose,4189
Darold,4188
Kaison,4187
Niles,4185
Eamon,4185
Felice,4181
Reymundo,4179
Catina,4178
Clair,4178
Suzy,4176
Kenji,4176
Jacinda,4174
Rowland,4171
Viridiana,4169
Dameon,4169
Jocelyne,4167
Symone,4167
Stephaine,4165
Kasie,4164
Woody,4163
Reece,4162
Demetra,4161
Aiyanna,4157
Lynwood,4157
Tristen,4157
Odell,4151
Khadija,4150
Kirstie,4150
Ema,4148
Ishaan,4145
Brandon,4145
Cherri,4144
Gareth,4143
Laurene,4141
Karlene,4139
Rishi,4138
Kathaleen,4136
Barbara,4136
Lilyan,4134
Alek,4134
Infant,4133
Elicia,4133
Analise,4131
Alexys,4129
Rosalina,4129
Jarrell,4129
Jaycob,4129
Boone,4128
Quincy,4126
Abrianna,4125
Leesa,4124
Tasia,4123
Carma,4119
Cruz,4118
Fay,4118
Schuyler,4113
Fonda,4112
Sahara,4108
Sana,4105
Loy,4104
Sherryl,4104
Kyron,4104
Adolphus,4103
Gustav,4102
Gigi,4101
Joseluis,4101
Risa,4099
Abrielle,4098
Eda,4098
Keily,4094
Bartholomew,4094
Oswald,4092
Marceline,4092
Ammon,4089
Cristine,4086
Luigi,4084
Lane,4084
Wilder,4083
Obie,4083
Clarance,4078
Stevan,4077
Timmothy,4076
Stefany,4075
Amiah,4073
Devorah,4071
Reign,4070
Marko,4070
Gisela,4070
Charis,4066
Eldora,4065
Tiera,4065
Ocie,4064
Mayson,4062
Krish,4061
Harmoni,4060
Marleen,4060
Mariella,4059
Tawanda,4058
Alvie,4053
Dannielle,4049
Soledad,4049
Dalilah,4048
Alexi,4047
Harlie,4045
Jammie,4045
Inga,4044
Vidal,4043
Joselin,4040
Marty,4040
Jones,4039
Andie,4038
Suzann,4035
Charlette,4034
Nella,4034
Bonnie,4032
Marielle,4029
Chelsi,4029
Vernita,4027
Jaslyn,4026
Mirna,4024
Sudie,4023
Malaki,4020
Sherita,4018
Krysten,4017
Reno,4016
Barbie,4015
Porsha,4013
Lu,4012
Cleta,4012
Samaria,4010
Emmit,4009
Justen,4009
Alianna,4008
Maiya,4008
Kamren,4008
Raya,4008
Delana,4007
Adyson,4004
Bryleigh,4003
Josefa,4003
Davida,4003
Henderson,4003
Jasmyne,4002
Raylee,4001
Mikala,3995
General,3993
Tarik,3993
Audry,3991
Ares,3989
Evelyne,3989
Ansel,3989
Malina,3988
Amado,3988
Brecken,3987
Willian,3984
Jakobe,3983
Gretta,3982
Dempsey,3982
Bertrand,3982
Dell,3981
Kenisha,3976
Theadore,3974
Ritchie,3974
Acacia,3973
Isaak,3972
Taniyah,3971
Jefferey,3971
Toya,3970
Katlynn,3969
Zaira,3969
Quiana,3966
Elly,3966
Hermon,3966
Avraham,3965
Early,3964
Nate,3963
Jacie,3959
Wayland,3959
Vernie,3958
Jacqulyn,3958
Joziah,3956
Maxie,3953
Elmore,3952
Elayne,3951
Kayle,3950
Chante,3948
Hortencia,3946
Adley,3943
Lathan,3942
Refugio,3942
Arman,3941
Raylene,3939
Delfina,3937
Martez,3937
Ellianna,3937
Joella,3936
Elysia,3935
Larue,3934
Gabe,3932
Luvenia,3932
Clyde,3932
Delta,3930
Edsel,3927
Kairo,3927
Gaston,3926
Tavon,3922
Page,3921
Brogan,3921
Pearl,3921
Corene,3919
Geovanni,3918
Braedon,3917
Emmalynn,3917
Lissa,3916
Citlali,3916
Kelby,3915
Arianne,3914
Letty,3914
Cristofer,3912
Tabetha,3912
Azariah,3910
Colby,3908
Pranav,3906
Cammie,3906
Sherilyn,3905
Giada,3904
Lino,3904
Kahlil,3903
Elgin,3902
Capri,3898
Shavon,3898
Briar,3898
Audrie,3896
Dominga,3895
Karolina,3894
Prentice,3893
Aidyn,3893
Alisia,3891
Deondre,3890
Kristoffer,3889
Shawnee,3887
Ariadne,3886
Kimberli,3883
Aubrielle,3882
Pinkie,3881
Tremayne,3880
Berkley,3880
Keyshawn,3878
Jerica,3878
Desean,3875
Amayah,3874
Tawanna,3874
Halley,3873
Reinaldo,3872
Dominque,3872
Yolonda,3872
Sharee,3871
Howell,3871
Mylee,3871
Leeanna,3870
Kay,3868
Zev,3867
Trae,3864
Baxter,3862
Salome,3858
Isadora,3858
Grayson,3856
Burke,3856
Rowdy,3855
Gerson,3854
Barb,3853
Misha,3850
Kindra,3850
Lonzo,3850
Kamiyah,3849
Elzie,3848
Ronald,3845
Zyaire,3845
Erasmo,3843
Jael,3843
Arlin,3843
Kalea,3838
Yessica,3837
Yulissa,3837
Michal,3837
Blayne,3835
Raeann,3835
Jackelyn,3835
Rachell,3833
Tierney,3833
Queenie,3831
Kalee,3830
Suzie,3829
Garnett,3829
Christ,3828
Tory,3828
Kenan,3827
Lenna,3825
Kaysen,3824
Debi,3822
Liane,3821
Donta,3820
Kyrie,3816
Lyric,3815
Yael,3813
Creed,3812
Shianne,3811
Axton,3811
Rayshawn,3811
Austyn,3810
Manny,3809
Kiya,3808
Marlie,3807
Montrell,3807
Sutton,3807
Verlin,3806
Willy,3803
Demetri,3802
Hobart,3801
Allison,3799
Justin,3798
Simona,3797
Jayme,3796
Infant,3795
Juancarlos,3794
Angelic,3791
Yael,3790
Ellyn,3790
Talan,3789
Thatcher,3789
Meghann,3788
Yetta,3788
Augustin,3788
Jerad,3787
Gaven,3786
Alea,3786
Marge,3785
Tangela,3784
Malorie,3783
Sharen,3782
Derwin,3782
Sheyla,3780
Denzil,3774
Dayne,3773
Vivianna,3772
Ellery,3767
Vinson,3766
Thomasina,3765
Jaheim,3765
Jurnee,3764
Carlyle,3763
Jered,3762
Jaquelin,3761
Sapphire,3761
Musa,3760
Linda,3757
Conley,3756
Jenesis,3756
Omarion,3755
Gaetano,3752
Herminia,3751
Enos,3749
Dequan,3749
Johnny,3748
Alain,3748
Izayah,3747
Miguelangel,3747
Kegan,3747
Eldred,3746
Haden,3746
Amarion,3745
Analisa,3745
Anibal,3743
Keyana,3743
Margaret,3742
Alanah,3742
Gracyn,3741
Nels,3740
Ethen,3740
Jacobi,3740
Claudie,3739
Kwame,3737
Maxton,3735
Laverna,3733
Clarke,3733
Kymani,3731
Treyvon,3731
Christofer,3731
Dillard,3730
Kiarra,3730
Lou,3728
Faustino,3728
Dennie,3728
Nikia,3727
Obed,3726
Dionna,3724
Loriann,3724
Michal,3717
Sherwin,3717
Evon,3716
Maison,3716
Kinslee,3715
Kimberlyn,3715
Jeremias,3712
Ria,3711
Cailey,3711
Gian,3711
Mahogany,3710
Kellee,3709
Sampson,3707
Calla,3706
Zulema,3706
Danilo,3705
Loran,3703
Rianna,3703
Konrad,3701
Azul,3701
Emalee,3700
Ailyn,3699
Aitana,3697
Arleth,3695
Donal,3695
Tyanna,3692
Loni,3692
Lorenza,3687
Courtland,3685
Kentrell,3685
Bethanie,3685
Deonna,3685
Lanita,3684
Ryley,3684
Juwan,3683
Dasha,3682
Sky,3681
Augustine,3680
Javonte,3680
Malena,3679
Dorothy,3677
Phillis,3677
Nydia,3674
Alli,3671
Christel,3671
Haskell,3669
Maxx,3668
Vonnie,3668
Ariane,3667
Haiden,3666
Kashton,3664
Brentley,3664
Price,3660
Gentry,3657
Randa,3657
Homero,3656
Jaycie,3656
Hadlee,3655
Kimberlie,3654
Mikhail,3653
Adah,3653
Jeniffer,3652
Nereida,3651
Debbra,3651
Latrell,3650
Janaya,3650
Kirby,3648
Bjorn,3647
Rosaline,3646
Mel,3644
Benjamen,3644
Clemente,3644
Nikko,3644
Rileigh,3644
Leela,3643
Zaylee,3643
Samiya,3642
Annamaria,3641
Randel,3639
Aedan,3638
Cloe,3637
Soleil,3637
Kase,3635
Cailin,3634
Walter,3632
Everlee,3631
Jettie,3630
Ivey,3629
Joseline,3628
Charisma,3628
Tomeka,3627
Corie,3627
Louvenia,3625
Palmer,3623
Jodie,3622
Regan,3621
Ignatius,3619
Makhi,3619
Betty,3619
Kirt,3616
Sebastien,3612
Cy,3605
Saanvi,3604
Ananya,3604
Deneen,3603
Duwayne,3601
Aura,3601
Honey,3601
Sal,3601
Leopold,3600
Channing,3599
Lex,3599
Creighton,3598
Sunny,3596
Azucena,3596
Arie,3595
Chase,3592
Tillman,3592
Annamae,3591
Finnley,3589
Judge,3587
Lavonda,3586
Kalina,3584
Brittny,3584
Jazzlyn,3582
Candida,3579
Jessica,3577
Kalynn,3577
Vincenza,3576
Jerel,3571
Carsen,3571
Brien,3570
Darvin,3569
Loreen,3568
Roxy,3567
Jayvon,3566
Yoel,3564
Wynona,3563
Jaymie,3563
Palma,3563
Avalon,3562
Kaleah,3562
Cyndi,3562
Drucilla,3562
Dillion,3561
Larry,3558
Britta,3557
Linden,3557
Egypt,3556
Georgetta,3553
Daniele,3552
Jonathan,3551
Lili,3550
Tyquan,3547
Zaida,3547
Keanna,3546
Joetta,3546
Zandra,3546
Janene,3544
Domenico,3542
Ever,3542
Jessalyn,3541
Carolyne,3540
Angella,3539
Khari,3539
Amethyst,3539
Tiarra,3537
Elodie,3535
Shane,3533
Maile,3532
Viva,3531
Sanai,3531
Aleksander,3530
Keziah,3530
Coen,3529
Florida,3527
Stormie,3522
Jennette,3522
Yandel,3520
Mickie,3518
Raymond,3517
Janett,3515
Johny,3515
Rollie,3513
Jacki,3513
Keyonna,3511
Maite,3510
Dhruv,3509
Florian,3508
Jarett,3508
Sequoia,3507
Keegan,3507
Bronwyn,3507
Jadyn,3507
Michel,3506
Torrance,3506
Rosia,3506
Abbygail,3504
Loyce,3503
Tenisha,3501
Kylen,3500
Kathlene,3499
Jeffrey,3499
Salomon,3495
Willam,3495
Chantell,3491
Scout,3491
Montana,3490
Jaziel,3489
Jaya,3487
Leilah,3485
Ayah,3482
Anakin,3481
Jolee,3480
Gaylon,3478
Deedee,3478
Yarely,3476
Sanjuanita,3475
Porfirio,3475
Cassidy,3474
Bentlee,3473
Alise,3472
Deontae,3471
Auston,3471
Charlton,3471
Lambert,3469
Jonatan,3469
Cael,3468
Carsyn,3467
Vianey,3466
Carri,3466
Elenora,3465
Addilynn,3465
Levy,3464
Loree,3464
Danya,3464
Ardella,3461
Sedrick,3460
Joye,3459
Ceasar,3458
Makenzi,3457
Thurston,3456
Catarina,3456
Karena,3456
Laraine,3455
Javan,3451
Koda,3451
Karan,3450
Shanita,3449
Kevan,3447
Alix,3447
Shanae,3446
Katherin,3442
Sabastian,3441
Audree,3439
Graysen,3437
Geno,3436
Ronni,3434
Dajuan,3431
Kael,3431
Clover,3430
Zoya,3429
Magali,3427
Chassidy,3425
Idell,3425
Khaleesi,3425
Meir,3425
Jame,3419
Tinsley,3419
Collins,3419
Erinn,3418
Rochel,3418
Dennise,3418
Jarret,3417
Imran,3415
Eben,3414
Merissa,3413
Tracee,3413
Dream,3413
Jeremey,3412
Izabel,3412
Les,3412
Armon,3411
Kera,3411
Spring,3410
Bernice,3403
Kyan,3397
Butch,3397
Arnav,3397
Dariana,3396
Merlyn,3391
Paolo,3390
Jeramie,3389
Rolanda,3386
Domenica,3386
Eugenie,3386
Makala,3385
Destany,3385
Mylah,3385
Luc,3384
Maylee,3384
Werner,3384
Jacinta,3383
Graydon,3383
Karoline,3383
Myesha,3380
Jamiyah,3379
Sheron,3379
Laine,3378
Kalel,3378
Baylie,3377
Larisa,3375
Jalissa,3375
Leighann,3374
Retta,3372
Ena,3371
Isobel,3371
Nechama,3370
Nicklaus,3367
Leda,3367
Dior,3366
Urijah,3365
Ailani,3365
Corban,3365
Altha,3365
Darrian,3364
Shaelyn,3362
Charolette,3362
Idris,3362
Keyanna,3361
Billye,3360
Kamya,3358
Dayanna,3358
Ivy,3356
Llewellyn,3355
Tyrel,3354
Larae,3351
Bode,3348
Caydence,3346
Suellen,3346
Guido,3346
Magen,3346
Jakari,3345
Marylee,3344
Jethro,3344
Phylis,3342
Elba,3341
Juelz,3340
Bradlee,3340
Keturah,3339
Vernell,3338
Codi,3337
Ciarra,3335
Sarah,3335
Lamonte,3334
Lonna,3334
Itzayana,3331
Aditi,3331
Otho,3328
June,3328
Caprice,3327
Brett,3325
Mackenna,3324
Kathern,3323
Jacy,3322
Jersey,3321
Delila,3321
Chip,3319
Lovell,3318
Brook,3318
Marni,3317
Koen,3316
Willia,3316
Marylyn,3315
Rachele,3315
Alonza,3310
Teresita,3309
Cielo,3305
Baker,3304
Janetta,3303
Demarion,3303
Lluvia,3302
Mohamad,3296
Nancie,3296
Manda,3294
Theo,3293
Shepherd,3293
Haydee,3293
Rahul,3293
Sari,3292
Jenae,3289
Rebecka,3285
Gary,3285
Mirian,3284
Brookelynn,3284
Rosamond,3283
Amparo,3282
Oriana,3280
Brittaney,3280
Daylen,3280
Sylvan,3280
Ismail,3279
Kaytlin,3279
Evert,3279
Buffy,3278
Arley,3275
Isidore,3275
Talitha,3275
Brookelyn,3274
Emeline,3273
Tzvi,3273
Chevy,3270
Lexis,3269
Jordana,3269
Rafaela,3268
Jamin,3267
Michale,3267
Octavius,3267
Babette,3267
Rashaad,3266
Malak,3266
Olympia,3266
Tito,3264
Ara,3260
Amador,3260
Odalys,3260
Tahj,3259
Jovita,3258
Camdyn,3258
Kierstin,3256
Camden,3256
Madelaine,3254
Lazarus,3253
Lucky,3252
Pia,3251
Michelle,3250
Boden,3249
Arnetta,3248
Ayva,3247
Delisa,3246
Jaleah,3245
Stephania,3243
Nilda,3242
Janee,3242
Javen,3241
Doris,3241
Chelsy,3240
Timmie,3240
Newell,3238
Keller,3238
Bryce,3237
Tamie,3237
Laniyah,3237
Autum,3236
Keelan,3235
Kyara,3233
Edmundo,3231
Nicholaus,3229
Karah,3228
Archibald,3226
Veronika,3226
Kelcie,3225
Samia,3224
Odette,3222
Jaleesa,3222
Ezell,3221
Hadleigh,3220
Jonny,3219
Vannessa,3219
Marlo,3218
Blessing,3216
Trayvon,3214
Neta,3214
Tanna,3213
Angeles,3212
Luiz,3212
Brysen,3212
Trudi,3210
Dyllan,3209
Davie,3209
Fatimah,3208
Berneice,3208
Magdalen,3208
Emir,3207
Marilou,3207
Ilona,3207
Mikal,3207
Rian,3207
Arlan,3206
Meera,3206
Chas,3206
Allyn,3205
Jamiya,3205
Emi,3204
Johnetta,3201
Keilani,3201
Cristi,3198
Mccoy,3198
Beatrix,3198
Codey,3197
Godfrey,3197
Trenten,3196
Kain,3196
Guinevere,3196
Jonelle,3194
Chevelle,3194
Nile,3193
Wells,3193
Arthur,3193
Neoma,3192
Brieanna,3192
Carl,3191
Miyah,3191
Robb,3191
Mallie,3190
Payten,3188
Eveline,3188
Elan,3186
Lilli,3186
Deanthony,3185
Davey,3184
Vallie,3184
Julian,3183
Madelyne,3181
Lesia,3180
Caron,3179
Jaidyn,3179
Love,3178
Makiyah,3178
Lashawn,3178
Machelle,3178
Jonnie,3178
Jayvion,3176
Dezmond,3175
Julieann,3173
Yanira,3173
Jacquelyne,3173
Kathyrn,3172
Bobbye,3172
Dwane,3172
Kenyatta,3171
Merri,3170
Lochlan,3169
Axl,3168
Madie,3168
Temperance,3167
Perry,3167
Avalynn,3166
Pamella,3166
Urban,3165
Zahir,3164
Keona,3164
Elwyn,3164
Calliope,3163
Yaneli,3162
Mayte,3161
Hyrum,3160
Darrien,3156
Angelena,3156
Emberly,3156
Nickie,3156
Zaniya,3155
Teodoro,3155
Adison,3154
Laina,3154
Damarcus,3152
Ashlea,3152
Janiece,3148
Marcelina,3148
Ariyana,3148
Christoper,3147
Kecia,3146
Saira,3145
Aubriana,3144
Ennis,3143
Devlin,3141
Tomasa,3141
Trudie,3141
Zakiya,3138
Lennox,3136
Romaine,3136
Kelsy,3135
Karter,3134
Breeanna,3133
Nicholas,3132
Nolen,3132
Canyon,3132
Krystin,3130
Cortney,3130
Torrence,3128
Bernardine,3128
Jermiah,3125
Jenessa,3125
Shaila,3123
Allie,3122
Quenton,3121
Becca,3121
Amal,3120
Maddux,3120
Clarisa,3120
Job,3118
Lillyana,3117
Emme,3116
Kit,3115
Storm,3115
Shaun,3114
Arvid,3113
Jory,3113
Dejah,3110
Latesha,3109
Leeanne,3108
Margaux,3107
Laurette,3106
Thornton,3105
Joslynn,3105
Natosha,3105
Helen,3105
Ryley,3103
Jodee,3103
Kaidence,3102
Karsten,3101
Sharon,3100
Tinley,3100
Harlen,3099
Josselyn,3098
Youssef,3098
Kamora,3098
Raven,3097
Vinnie,3092
Susann,3091
Aries,3091
Lorenza,3090
Shonna,3089
Jovanna,3087
Aviva,3085
Jesiah,3084
Sameer,3084
Kiah,3083
Murry,3080
Royal,3080
Dreama,3079
Rolf,3079
West,3078
Hedwig,3077
Mirella,3077
Trish,3077
Renato,3076
Rilee,3076
Kloe,3076
Hansel,3076
Apryl,3075
Ariadna,3074
Rosevelt,3074
Isac,3072
Preslee,3072
Ryanne,3069
Evin,3065
Freeda,3061
Jenell,3057
Carletta,3055
Florentino,3055
Clare,3053
Christianna,3053
Garold,3051
Makaylah,3050
Cloyd,3050
Dionte,3049
Eliel,3048
Mozell,3048
Mykel,3045
Karon,3045
Cian,3043
Mason,3043
Dakotah,3042
Devonta,3042
Amaia,3042
Elease,3041
Trevion,3041
Rashaun,3041
Jedediah,3040
Noelani,3039
Yahya,3038
Torri,3038
Raynard,3038
Kaylea,3037
Wyman,3036
Kadyn,3036
Haily,3035
Ezra,3035
Yadiel,3033
Ruby,3032
Rami,3031
Vernetta,3031
Velvet,3029
Lawana,3029
Patric,3029
Clive,3029
Armida,3027
Bulah,3027
Zayd,3027
Jacobo,3027
Zyon,3026
Osbaldo,3026
Persephone,3026
Henrik,3026
Adamaris,3026
Leilany,3025
Jaydin,3025
Lillyanna,3023
Yuri,3022
Donato,3022
Montez,3022
Florencio,3021
Kymberly,3021
Matilde,3020
Carisa,3020
Anamaria,3020
Jamey,3019
Clovis,3018
Shandra,3018
Pernell,3017
Fransisco,3015
Tylan,3012
Jordi,3011
Oneal,3011
Gladis,3010
Minna,3010
Derrek,3010
Candyce,3008
Daija,3006
Salem,3004
Eusebio,3004
Genna,3003
Milissa,3003
Johannah,3002
Gianluca,3002
Tamiko,3001
Siddharth,3001
Gatlin,2999
Hilma,2999
Heber,2998
Masen,2997
Arizona,2995
Santina,2995
Adalee,2994
Brigham,2993
Mercedez,2993
Malayah,2991
Myriam,2990
Jad,2990
Laniya,2988
Jailene,2987
Aniah,2986
Jaslene,2986
Nevada,2985
Candie,2985
Sirena,2984
Anish,2984
Avrohom,2983
Zadie,2983
Treyton,2983
Nils,2982
Zada,2981
Windell,2981
Cristiano,2981
Rashida,2980
Achilles,2978
Claudie,2978
Dakoda,2977
Ania,2977
Dash,2973
Taliah,2973
Deegan,2972
Debbi,2972
Kodi,2968
Alona,2968
Jaydan,2967
Avalyn,2967
Gerold,2964
Brynna,2963
Aanya,2963
Nakita,2963
Amariah,2961
Cleon,2958
Demetrio,2957
Daylon,2956
Philippe,2955
Sean,2954
Amin,2954
Gwenyth,2954
Spenser,2953
Kooper,2953
Khalia,2952
Shavonne,2951
Pyper,2950
Waverly,2948
Aubriella,2948
Sherron,2947
Tyla,2947
Benicio,2947
Isa,2946
Nancy,2946
Amyah,2945
Rance,2945
Ariela,2944
Ravi,2942
Cris,2942
Josephina,2940
Deeann,2940
Flavio,2939
Pandora,2938
Gitty,2938
Terrel,2937
Lianne,2936
Shaunna,2935
Adin,2935
Stoney,2935
Armin,2934
Neel,2932
Gardner,2932
Avril,2932
Farris,2931
Stephen,2931
Kamdyn,2931
Arvilla,2931
Karsen,2930
Aleisha,2929
Lilyann,2928
Willene,2928
Meggan,2927
Signe,2927
Sabine,2926
Brie,2926
Rudolf,2925
Malani,2925
Sid,2925
Halee,2925
Rojelio,2923
Nazir,2923
Randle,2923
Cormac,2922
Reem,2921
Eliyahu,2921
Eartha,2920
Akilah,2918
Torey,2918
Aubry,2918
Coleton,2917
Ossie,2917
Gizelle,2916
Nisha,2916
Audrey,2915
Claribel,2914
Annis,2914
Alliyah,2913
Franky,2912
Rio,2912
Shaniyah,2911
Zita,2911
Katya,2910
Hussein,2910
Madelin,2909
Norwood,2909
Allana,2909
Fox,2908
Sigrid,2907
Britt,2906
Jameel,2906
Geronimo,2905
Armaan,2905
Drusilla,2905
Lamarcus,2904
Tavares,2904
Jennah,2904
Rosann,2903
Nariah,2902
Araya,2902
Meranda,2901
Talisha,2901
Nichol,2900
Dov,2900
Blossom,2900
Tonie,2899
Tahlia,2898
Legacy,2898
Domonic,2897
Ramses,2896
Shayne,2893
Deisy,2893
Dean,2890
Tony,2889
Nallely,2889
Tavion,2889
Alanis,2888
Raoul,2887
Milania,2887
Jaret,2884
Chava,2883
Kayce,2882
Rand,2881
Pascual,2880
Lavell,2879
Dixon,2878
Jenniffer,2878
Chyanne,2877
Keyona,2877
Joyce,2875
Faigy,2875
Pierson,2875
Durward,2873
Tamala,2873
Latia,2870
Keandre,2870
Beck,2869
Makiya,2869
Americo,2868
Rome,2868
Suri,2868
Idalia,2868
Dorine,2867
Rosalynn,2866
Lennie,2866
Sena,2865
Viktor,2865
Tobi,2864
Rilynn,2863
Darby,2862
Janai,2862
Aram,2862
Gregory,2861
Maceo,2861
Shawnna,2861
Bentley,2858
Esequiel,2857
Anniston,2855
Raylynn,2854
Kaine,2853
Shawanda,2853
Lamarr,2852
Chanell,2851
Jarell,2851
Beckie,2851
Wayman,2850
Tiesha,2849
Torrie,2849
Samuel,2849
Corliss,2848
Aleksandra,2847
Avani,2846
Tai,2846
Jeni,2846
Jakub,2845
Sahil,2844
Renaldo,2843
Stefano,2842
Bryton,2841
Janina,2840
Marek,2839
Elie,2839
Maricruz,2839
Josey,2838
Joeseph,2838
Amit,2838
Nicola,2837
Christena,2835
Novalee,2835
Kieth,2835
Zavion,2834
Jianna,2834
Nikola,2834
Patrick,2834
Tommy,2833
Adelaida,2833
Louis,2830
Alaric,2830
Phebe,2826
Blas,2825
Randee,2825
Aleshia,2825
Melania,2824
Silvio,2824
Adia,2823
Ani,2823
Kamal,2822
Brittnee,2822
Pearle,2821
Gerrit,2820
Joshuah,2819
Tristin,2819
Terance,2817
Kenzi,2816
Lexy,2816
Osman,2815
Destinie,2815
Marlana,2815
Evalynn,2812
Tamatha,2811
Aryeh,2811
Arne,2810
Bethann,2810
Massimo,2809
Georgine,2807
Jacelyn,2806
Alistair,2806
Delora,2806
Sigmund,2805
Magda,2803
Oral,2802
Kavin,2800
Lashay,2800
Kamiya,2799
Iain,2799
Rutha,2799
Devontae,2799
Korbyn,2798
Caterina,2797
Bernetta,2797
Elexis,2796
Kodi,2794
Jania,2790
Franz,2789
Rosalba,2788
Eder,2788
Lisa,2787
Torie,2787
Vena,2787
Esau,2786
Burnell,2785
Garnett,2784
Velia,2783
Sherrell,2782
Arlena,2782
Tomika,2781
