Abas,1
Abdonas,6
Abdula,1
Abelis,2
Abigaile,3
Abija,4
Abis,1
Abraomas,2
Achilas,1
Achmedas,4
Ada,311
Adalberta,1
Adalbertas,1
Adalija,1
Adamas,469
Adanas,11
Adas,1880
Adauktas,2
Adela,31
Adelaida,9
Adele,42
Adelija,258
Adelina,210
Adeodatas,1
Adilija,2
Adis,23
Adolfa,10
Adolfas,756
Adolfina,235
Adolfinas,1
Adolis,128
Adolius,11
Adomas,4551
Adona,2
Adonis,36
Adriana,1253
Adrianas,155
Adrija,1553
Adrijonas,2
Adrijus,1262
Adris,29
Adrius,11
Adzius,3
Afanasija,5
Afanasijus,10
Afija,1
Afrodita,2
Aga,2
Agafija,26
Agapija,2
Agata,1146
Agatas,13
Agatonas,1
Agdalija,1
Ageda,1
Agija,6
Agile,1
Aglaja,19
Agluona,2
Agna,17
Agnas,1
Agneta,307
Agnetas,1
Agne,2
Agnieta,12
Agnija,187
Agnis,10
Agnius,446
Agota,976
Agra,2
Agripina,12
Aguona,4
Aida,2310
Aidana,27
Aidanas,108
Aidas,4625
Aidija,14
Aidijus,1
Aidis,27
Aidora,1
Aidoras,1
Aiga,13
Aigardas,5
Aigaudas,1
Aiginta,2
Aigintas,2
Aigirdas,3
Aigiris,8
Aigis,2
Aigustas,1
Aija,20
Aima,10
Aimana,2
Aimanas,1
Aimanta,1
Aimantas,37
Aimas,4
Aimeda,1
Aimedas,1
Aimintas,1
Aimis,8
Aimius,1
Aina,349
Ainara,8
Ainaras,146
Ainas,61
Aine,3
Ainis,362
Ainius,301
Ainora,19
Ainoras,160
Aira,367
Airas,11
Aire,2
Airija,12
Airijus,33
Airima,3
Airimas,15
Airis,22
Airius,7
Aiseta,2
Aisetas,1
Aista,33
Aistas,7
Aiste,2
Aistida,3
Aistija,1
Aistijus,2
Aistis,854
Aistra,18
Aistris,2
Aistrius,2
Aita,4
Aitara,1
Aitaras,1
Aitra,5
Aitvydas,1
Aiva,414
Aivalda,1
Aivaldas,2
Aivara,11
Aivaras,5334
Aivardas,1
Aivaris,1
Aivas,9
Aivina,2
Aivis,12
Aivydas,14
Ajeras,5
Akacijus,4
Akmis,1
Akvila,1
Akvilas,1
Akvile,4
Akvilija,42
Akvilijus,1
Akvilina,186
Akvilinas,5
Akvilius,2
Ala,1864
Alana,30
Alanas,635
Alanija,1
Alanta,112
Alantas,33
Alba,3
Alberta,69
Albertas,3634
Albertina,41
Albina,1876
Albinas,3560
Alda,10
Aldas,758
Aldija,1
Aldijus,1
Aldis,23
Aldona,10028
Aldonas,21
Aldonija,2
Aldonis,4
Alechandras,1
Aleksa,44
Aleksandra,3058
Aleksandras,6811
Aleksandrija,5
Aleksandrijus,1
Aleksas,1819
Aleksejus,633
Aleksija,24
Aleksijus,1
Aleksis,6
Alena,54
Alenas,116
Alesija,3
Aleta,15
Ale,2
Alfa,19
Alfas,8
Alfija,14
Alfijus,4
Alfonsa,33
Alfonsas,2513
Alfreda,269
Alfredas,1975
Alga,3
Algandas,1
Algardas,2
Algauda,4
Algaudas,17
Algeda,1
Algedas,5
Algida,32
Algidija,5
Algima,105
Algimanta,182
Algimantas,9519
Algimas,12
Algimina,5
Algimintas,1
Algina,193
Alginas,4
Alginija,2
Alginta,3
Algintas,1
Algira,2
Algirda,35
Algirdas,12939
Algis,6294
Algita,44
Algividas,1
Algyda,1
Algys,1
Algmina,1
Algminas,17
Algutis,6
Algvida,1
Algvidas,1
Algvina,1
Alicija,807
Alicijus,1
Alija,52
Alijus,3
Alimana,1
Alimantas,6
Alina,5282
Aliodija,7
Alis,118
Alisa,786
Alisija,46
Alius,669
Alivija,8
Alivydas,1
Alys,21
Alyzas,6
Alkantas,1
Alkas,3
Alkis,1
Alma,4748
Almanas,5
Almanta,7
Almantas,1674
Almas,38
Almeda,24
Almedas,1
Almina,142
Alminas,40
Almindas,1
Alminta,3
Almintas,7
Almis,10
Almyra,27
Almona,5
Almonas,9
Alna,2
Alnora,1
Alodija,1
Aloyza,13
Aloyzas,800
Alondra,2
Alsa,1
Altaja,2
Altautas,2
Aluona,1
Alva,73
Alvaidas,46
Alvainas,1
Alvaras,60
Alvida,150
Alvidas,864
Alvidija,1
Alvilas,1
Alvina,78
Alvinas,13
Alvirdas,11
Alvis,9
Alvita,169
Alvitas,7
Alvyda,636
Alvydas,8473
Alvyra,732
Alvyras,9
Alvys,1
Amadas,1
Amaja,8
Amale,1
Amalija,48
Amanda,720
Amandas,74
Ambraziejus,4
Amelija,2750
Amelijus,4
Amija,1
Amilija,20
Amina,85
Aminas,1
Aminta,2
Amira,51
Amiras,14
Amita,8
Amna,2
Ana,6675
Anabela,22
Analija,1
Ananijus,3
Anas,6
Anastasija,2694
Anastasijus,2
Anastazija,217
Anastazius,1
Anatolija,8
Anatolijus,1423
Anatolis,1
Anatolius,1
Ancas,1
Anchela,2
Anchelas,1
Ancius,1
Anda,6
Andajus,15
Andojas,4
Andra,187
Andras,4
Andre,15
Andreja,29
Andrejas,1
Andrejus,2720
Andrieja,5
Andriejus,545
Andrija,39
Andrijus,7
Andris,53
Andrius,20312
Andromeda,65
Andromedas,1
Anela,5
Anele,1
Anelius,2
Aneta,767
Anete,2
Anfija,7
Angela,32
Angelas,1
Angele,1
Anicas,1
Aniceta,185
Anicetas,236
Anicijus,1
Anicis,1
Anicius,1
Anija,2
Anijus,1
Anika,60
Anis,3
Anisija,13
Anita,147
Ansas,1
Ansis,1
Anta,1
Antanas,17442
Antanina,758
Antas,2
Antipijus,1
Antonas,309
Antonija,8
Antonijus,48
Antonis,14
Anupras,52
Anzelma,5
Anzelmas,17
Apolinara,3
Apolinaras,92
Apolinarija,5
Apolinarijus,1
Apolius,2
Apolonas,5
Apolonija,68
Apolonijus,3
Aprelija,1
Ara,10
Aranas,22
Aras,643
Arbutas,2
Archipas,1
Areta,136
Aretas,484
Aretis,1
Argailas,1
Argaudas,17
Argimantas,1
Argina,1
Arginija,1
Arginta,2
Argintas,16
Argira,1
Ariadna,32
Ariana,741
Arianas,37
Ariane,1
Ariela,26
Ariele,5
Arielis,23
Arielius,13
Arija,231
Arijas,7
Arijus,1859
Arimana,1
Arimanas,1
Arimanta,1
Arimantas,113
Arimas,1
Arimeda,1
Arina,986
Aris,60
Arista,3
Aristas,3
Aristida,66
Aristidas,37
Aristidis,1
Arius,7
Arkadija,2
Arkadijus,149
Arma,3
Armanda,224
Armandas,3212
Armandita,3
Armanta,3
Armantas,208
Armante,1
Armas,2
Armeda,2
Armedas,4
Armena,2
Armida,80
Armina,116
Arminas,2736
Armine,3
Arminija,5
Arminijus,2
Arminta,39
Armintas,18
Armis,9
Armondas,28
Arna,1
Arnas,6301
Arneta,54
Arnetas,13
Arne,1
Arnis,37
Arnius,19
Arnolda,48
Arnoldas,2998
Arnulfas,1
Arona,5
Aronas,2190
Arsena,1
Arsenas,45
Arsenija,3
Arsenijus,34
Arta,8
Artas,102
Artautas,6
Artemida,1
Artemijus,26
Artemizija,1
Artis,11
Artura,1
Arturas,1026
Aruna,1
Arune,1
Arvaida,1
Arvaidas,32
Arvaldas,3
Arvida,2
Arvidas,479
Arvijus,1
Arvilas,10
Arvile,1
Arvilis,1
Arvina,1
Arvinas,3
Arvis,2
Arvyda,28
Arvydas,10412
Arvystas,2
Arvydijus,2
Asija,8
Askanijas,1
Askanijus,2
Asta,13513
Astas,4
Astera,7
Asteras,1
Asterija,3
Asterijus,7
Astija,10
Astijus,367
Astis,2
Astorija,2
Astra,194
Astrida,39
Astridas,1
Astrius,1
Asmantas,2
Ata,1
Atalija,3
Atanas,4
Atas,283
Atena,1
Atene,3
Atija,4
Atijus,1
Atikas,2
Atilija,10
Atis,4
Atolija,1
Auda,5
Audangas,8
Audas,5
Audenis,5
Audijus,2
Audinga,138
Audingas,23
Audis,2
Audomaras,1
Audra,1120
Audras,1
Audrija,1
Audrijus,1
Audrimantas,1
Audrina,8
Audris,92
Audrius,11933
Audrona,48
Audrone,1
Audronija,25
Audronijus,6
Audronis,259
Audronius,112
Audrunas,1
Audrys,90
Audvydas,5
Audvydis,2
Auga,3
Augantas,6
Augas,1
Augenis,4
Augimantas,3
Augina,3
Auginas,1
Auginija,1
Augintas,5
Augirdas,2
Augis,90
Augius,9
Augmantas,4
Augmina,4
Augminas,3
Augtara,1
Augunda,1
Augurijus,1
Augusta,126
Augustas,4683
Auguste,4
Augustina,393
Augustinas,1774
Augustis,1
Augvidas,2
Augvydas,1
Aujotas,1
Auksa,3
Auksas,6
Aukse,1
Auksina,4
Auksis,2
Auksius,2
Auksys,1
Auksuolis,5
Auktumas,17
Aumas,1
Aura,310
Auras,3
Aurela,2
Aurelija,6343
Aurelijus,2478
Aurelius,4
Aureja,7
Aurima,64
Aurimantas,17
Aurimas,8732
Aurinija,10
Aurinta,29
Auris,33
Aurita,84
Aurius,69
Aurys,3
Aurora,108
Ausma,139
Austa,5
Austas,4
Austeja,15
Austis,7
Austra,59
Austrija,1
Ausmantas,5
Ausrine,1
Auvydas,1
Auzonija,1
Ava,13
Avelija,2
Avelijus,1
Avija,1
Avita,1
Avstralija,1
Azalija,1
Azarija,1
Azarijus,1
Adelpas,1
Adesijus,1
Adeta,1
Adilijus,2
Adita,7
Admundas,26
Adolfyna,1
Adolpina,2
Aduardas,1
Adulfas,8
Adulpina,1
Aduolfina,1
Aduolius,1
Advardas,11
Afemija,1
Afimija,2
Afrasija,1
Agida,2
Agidija,3
Agidijus,15
Agydijus,2
Aglikerija,1
Aksavera,8
Aksaveras,3
Aksencijus,1
Aksenija,28
Aksenijus,2
Aksentijus,1
Aksinija,25
Akvelina,15
Albyna,1
Albynas,7
Alegija,1
Alegijus,4
Aleksendras,1
Alfrida,18
Alfridas,185
Alidijus,1
Aligija,3
Aligijus,11
Alygijus,1
Alimpiada,1
Alimpija,1
Alioyzas,7
Alpas,6
Alponas,4
Alponsas,4
Alpridas,1
Aluizas,1
Aluyzas,1
Andzelmas,2
Angelbertas,1
Anielius,9
Anizija,1
Anstazija,1
Apalionija,4
Apalonija,4
Apolionija,44
Arestas,5
Aristydas,1
Arloldas,1
Artiomijus,1
Astafijus,2
Augenija,223
Augenijus,166
Augenius,3
Augienijus,1
Augienius,1
Aulalija,1
Austyna,1
Avangelija,1
Avdokija,2
Avelina,10
Avgenija,3
Avgenijus,3
Avidijus,4
Abia,1
Abigail,25
Adam,682
Adan,2
Adelia,14
Adelle,2
Adilia,1
Adolf,9
Adom,1
Adria,51
Adrian,537
Adrianna,4
Adriano,9
Adrians,2
Aeugenijus,1
Afanasij,9
Agatha,2
Aglaya,2
Agnia,2
Aidan,23
Aiman,4
Aimant,1
Ainar,3
Aivar,16
Aivars,20
Aksenia,1
Akvilia,1
Alan,290
Alanna,1
Alant,1
Albert,633
Alberto,3
Albin,24
Aldiona,2
Alejandro,7
Aleks,239
Aleksandr,9113
Aleksej,2073
Aleksia,12
Alen,19
Alens,2
Alex,10
Alexa,2
Alexandr,4
Alexandra,10
Alexandras,1
Alexandro,1
Alfons,11
Alfred,106
Algird,2
Alya,5
Alicia,24
Aliya,5
Aliyah,3
Alisia,5
Alissa,5
Alyssa,7
Alivia,1
Allan,11
Aloyz,7
Alvaro,3
Alvids,1
Alvin,3
Amadea,1
Amaya,3
Amalia,10
Amand,1
Amelia,430
Amelya,3
Amia,2
Amin,3
Amir,61
Anabel,2
Anabella,3
Anastasia,96
Anastasiya,16
Anatolij,1585
Anatolijs,1
Andrea,120
Andreia,3
Andriej,19
Anetta,3
Anya,4
Anisia,1
Ann,2
Annabella,3
Annabelle,7
Annika,4
Anthony,18
Anton,1155
Antonij,55
Antonio,24
Antons,9
Apolinarij,1
Apollinaria,2
Apollinarija,1
Apollon,1
Apolonia,1
Aran,5
Aretha,1
Aria,34
Arya,11
Arian,49
Arianna,17
Ariella,2
Arielle,2
Ariya,1
Arkadij,126
Arman,29
Armand,28
Armando,14
Arn,3
Arnold,361
Aron,226
Arron,5
Arsen,41
Arsenij,205
Arsenijs,3
Artemij,218
Arthur,31
Artur,1867
Arvid,8
Arvids,6
Arvin,2
Astrea,2
Astrid,2
Athan,1
Athena,10
Atia,1
Atiya,1
August,23
Augustin,12
Augusto,6
Aurea,2
Aurelia,26
Aurelij,5
Aurelio,2
Austea,1
Avfemija,1
Azalia,2
Balanda,1
Balis,1
Balys,210
Baltazaras,2
Baltija,1
Baltys,1
Baltramiejus,18
Baltras,2
Baltrus,14
Banga,118
Bangis,1
Banguolis,1
Barbara,396
Barbora,1499
Barintas,1
Baris,3
Bartas,115
Bartautas,4
Bartenis,2
Bartvydas,2
Bazilija,1
Bazilijus,1
Beata,1727
Beatas,1
Beatrice,13
Beatrisa,18
Beinora,1
Beinoras,2
Beka,1
Bela,59
Belita,6
Bena,24
Benadas,22
Benas,5444
Benedikta,138
Benediktas,1470
Benedikte,1
Benetas,3
Benigna,30
Benignas,1
Benis,1
Benita,364
Benitas,12
Benius,109
Benjamina,14
Benjaminas,335
Benona,7
Benonas,12
Bentis,1
Benvenutas,2
Berkantas,1
Bernadeta,331
Bernadina,3
Bernarda,36
Bernardas,977
Bernardeta,2
Bernardinas,1
Berta,241
Bertas,17
Bertautas,1
Bertina,5
Bertoldas,5
Beta,64
Bjornas,4
Blanda,1
Blanka,1
Bogoslava,1
Bogumila,11
Boguslava,13
Bolesas,6
Bolesius,2
Boleslava,10
Boleslavas,42
Boleslovas,199
Bolis,2
Bolius,35
Bolys,2
Bona,9
Bonas,1
Bonifaca,1
Bonifacas,15
Bonifacijus,1
Bonita,2
Bonitas,1
Borisas,340
Borislavas,1
Brigita,3926
Brigitas,2
Bronis,16
Bronislava,1070
Bronislavas,411
Bronislova,15
Bronislovas,909
Bronius,3158
Bronys,2
Brunas,11
Brunhilda,1
Brunona,2
Brunonas,16
Budvydas,2
Butautas,1
Baleslovas,3
Banifacas,3
Benadiktas,6
Benejaminas,1
Benjeminas,6
Bernadieta,3
Bernodeta,1
Berute,1
Bladas,4
Bolieslovas,2
Boneventuras,1
Branislavas,1
Branislovas,1
Brigyta,1
Broneslava,1
Broneslavas,1
Broneslovas,1
Bruonius,5
Beatricia,1
Bella,21
Ben,41
Benedict,2
Benedikt,23
Benjamin,67
Bennas,1
Berkant,1
Bernard,81
Bernardo,6
Bert,1
Bertold,1
Bjoern,1
Bjorn,1
Boleslav,102
Boleslov,2
Bonifacij,1
Boris,458
Brigitta,1
Bronislav,240
Bronislov,1
Bruno,25
Charitonas,2
Chesus,1
Chimena,1
Chrisija,1
Cecilija,25
Celeste,2
Celestina,5
Celestinas,5
Celina,10
Cezara,4
Cezaras,1
Cezarijus,4
Cezaris,15
Cezijus,1
Chauronija,1
Cicilija,16
Cigitas,1
Cirencijus,1
Cyzarija,1
Caius,3
Camila,18
Camilla,29
Carina,1
Carla,9
Carolina,27
Cassandra,2
Catalina,1
Cecilia,3
Cezar,3
Charlotta,1
Charlotte,26
Clara,11
Conrad,4
Constantin,1
Cristian,7
Cristiano,3
Cristina,10
Dacijus,1
Dafne,4
Dagmara,9
Dagna,22
Dagnis,10
Dagnius,31
Daiga,24
Dailis,1
Daima,8
Daimanta,3
Daimantas,9
Daimas,3
Daina,1724
Dainara,3
Dainaras,5
Dainas,4
Daineta,5
Dainida,11
Dainis,24
Dainius,10340
Dainys,1
Dainora,1239
Dainoras,182
Dainorina,5
Dainotas,37
Dainutis,4
Daiva,21703
Daivina,4
Daivita,8
Dakota,6
Daleta,9
Dale,3
Dalia,13211
Dalija,355
Dalijus,21
Dalimantas,5
Dalis,14
Dalius,3040
Dalys,1
Dalyte,1
Damas,2
Damiana,13
Damianas,38
Damijona,1
Damijonas,8
Dana,1158
Danas,1430
Dane,3
Danga,7
Dangina,5
Dangira,374
Dangiras,272
Dangirdas,77
Dangirijus,4
Dangiris,5
Dangirius,3
Dangis,157
Dangius,9
Danguole,2
Danguolija,4
Danguolis,9
Daniela,565
Danielas,4
Daniele,16
Danielis,412
Danielius,5006
Danija,8
Danijus,2
Danis,26
Danius,378
Danys,9
Danuta,2541
Danute,5
Dara,6
Daras,3
Darata,21
Dargaudas,2
Darginas,1
Dargiras,13
Dargirdas,1
Dargiris,10
Dargis,1
Dargvilas,1
Darija,1183
Darijus,514
Darina,179
Daris,4
Darius,21501
Darma,1
Darmantas,9
Darminas,1
Darmintas,2
Darutis,23
Darvida,1
Darvilas,1
Darvinas,3
Darvydas,52
Dasijus,1
Daubaras,2
Daugantas,4
Daugardas,11
Daugas,2
Daugilas,4
Daugintas,7
Daugiras,1
Daugirda,1
Daugirdas,218
Daugmantas,2
Daugvidas,7
Daugvilas,3
Daugvinas,3
Daugvydas,27
Daujotas,5
Daukantas,2
Daukvydas,2
Daumantas,679
Daumilas,1
Daumintas,1
Dauras,2
Daurimas,1
Dauris,2
Daurius,12
Dausa,1
Dautaras,1
Dautartas,8
Dauvydas,1
Davidas,154
Davide,8
Davis,2
Debora,36
Deboras,2
Debra,1
Deima,70
Deimanta,7
Deimantas,2427
Deimante,5
Deimantis,2
Deimas,39
Deimena,128
Deimilas,4
Deimilis,6
Deimilius,1
Deimina,20
Deiminas,32
Deiminta,5
Deimintas,23
Deimis,53
Deina,160
Deinara,2
Deinaras,23
Deinas,94
Deinius,4
Deinora,3
Deinoras,26
Deiva,15
Deivaldas,1
Deivas,9
Deividas,10990
Deivija,4
Deivilas,1
Deivina,45
Deivinas,8
Deivis,379
Deivita,17
Deivius,1
Deivyda,5
Deivydas,1262
Deksteris,1
Dela,1
Delfina,15
Delfinas,1
Delija,28
Delijus,2
Dema,1
Demas,2
Demetra,2
Demetrija,2
Demetrijus,1
Demetris,1
Demetrius,1
Demis,10
Dena,4
Denas,694
Denis,2076
Denisija,2
Denisijus,1
Denius,2
Denys,15
Deodata,1
Deodatas,2
Diana,11321
Dianas,3
Didmantas,5
Diegas,2
Digna,60
Dignas,3
Dija,265
Dijana,580
Dijanas,3
Dijus,52
Dilana,18
Dilanas,250
Dilara,40
Dilija,7
Dilius,1
Dima,22
Dimas,8
Dimitra,2
Dimitrija,1
Dimitrijus,179
Dimitris,1
Dina,314
Dinas,165
Dinis,13
Diodoras,1
Diomedas,2
Dionas,3
Dionisijus,2
Dioniza,1
Dionizas,28
Dionizijus,1
Dionyzas,12
Dirmantas,1
Dita,52
Ditas,15
Dmitrijus,928
Dobilas,44
Dolora,2
Doloresa,27
Doma,9
Domantas,4912
Domas,4778
Domedas,1
Dometa,7
Domicijus,1
Domilas,5
Domilija,6
Domilis,36
Dominga,13
Domingas,4
Domininka,9
Domininkas,126
Dominyka,2076
Dominykas,8219
Dominta,2
Domintas,1
Dona,8
Donalda,63
Donaldas,223
Donardas,23
Donas,13
Donata,1979
Donatas,11446
Donija,2
Donis,3
Donius,4
Donvina,18
Dora,65
Doras,4
Dormantas,5
Dorota,333
Dorotas,2
Doroteja,1
Dorotis,1
Dovaidas,3
Dovainis,14
Dovaldas,27
Dovardas,1
Dovas,173
Dovijus,28
Dovilas,33
Dovilija,15
Dovilijus,1
Dovilis,8
Dovilius,2
Doviltas,8
Dovis,32
Dovyda,3
Dovydas,9345
Dravis,2
Dravys,1
Drasa,1
Drasius,3
Drasutis,6
Dromantas,3
Dzidas,7
Dzidorius,3
Dzidra,13
Dziugas,1
Dainuora,1
Daloresa,1
Daminykas,1
Danata,12
Danatas,9
Danelius,13
Dylanas,6
Dilfija,1
Dimentijus,1
Divonisijus,1
Dizidorius,1
Domnika,4
Domnyka,1
Duonatas,2
Damian,362
Dan,44
Daniel,2686
Daniella,42
Danielle,16
Daniels,12
Daria,90
Darya,10
Darij,13
David,874
Davids,2
Deymantas,1
Deinor,2
Deivids,3
Dekster,1
Delia,2
Den,8
Dia,9
Diego,5
Diya,1
Dilan,62
Dylan,45
Dilans,2
Dilia,2
Dillan,6
Dillanas,1
Dino,4
Dion,3
Dioniz,2
Dmitrij,3350
Dom,2
Dominyk,48
Donald,1
Donat,46
Donnis,1
Dorothea,6
Dov,3
Dovilia,2
Eda,31
Edas,300
Edena,5
Edenas,54
Edgara,1
Edgaras,7182
Edgardas,96
Edis,45
Edisonas,1
Edita,12237
Editas,7
Edite,1
Edma,9
Edmas,62
Edmunda,18
Edmundas,4928
Edrija,1
Eduarda,12
Eduardas,1819
Edvarda,6
Edvardas,4572
Edvilas,3
Edvilius,4
Edvina,72
Edvinas,7679
Edvydas,4
Efrema,1
Efremas,3
Egbertas,4
Egida,22
Egidas,1
Egidija,723
Egidijus,12580
Egidis,1
Egila,2
Egilas,3
Egilija,15
Egilis,2
Egimantas,6
Eginta,6
Egis,6
Egle,6
Eglija,4
Eglina,5
Eglita,7
Egmontas,12
Egonas,8
Egonis,1
Eglius,1
Eibaras,1
Eibartas,2
Eida,7
Eidas,26
Eidenis,3
Eidimantas,5
Eidimtas,3
Eidintas,5
Eidivalda,1
Eidivaldas,1
Eidmantas,18
Eidmina,2
Eidminas,19
Eidotas,5
Eidvida,1
Eidvidas,12
Eidvilas,13
Eidvilija,1
Eidviltas,1
Eidvina,2
Eidvinas,11
Eidvydas,13
Eigantas,11
Eigardas,15
Eigimantas,2
Eiginas,1
Eigindas,1
Eiginta,16
Eigintas,29
Eigirda,1
Eigirdas,134
Eigydas,2
Eigmantas,2
Eigmina,1
Eigminas,5
Eigvidas,2
Eigvirdas,1
Eikantas,2
Eikintas,3
Eima,18
Eimanas,4
Eimanta,6
Eimantas,5404
Eimante,1
Eimas,23
Eimilija,1
Eimina,3
Eiminas,26
Eiminta,5
Eimintas,23
Eimis,35
Eimius,1
Eimonas,3
Eimutis,349
Einara,10
Einaras,344
Einartas,42
Einas,1
Einis,7
Einius,152
Einys,1
Einora,36
Einoras,467
Einorius,1
Eira,14
Eirimas,68
Eiris,1
Eismantas,48
Eismina,4
Eisminas,2
Eisra,5
Eisvidas,5
Eisvina,54
Eisvinas,42
Eisvyda,1
Eisvydas,20
Eita,4
Eitara,4
Eitaras,33
Eitarius,1
Eitas,3
Eitautas,20
Eitmantas,2
Eitminas,2
Eitnoras,2
Eitonas,13
Eitvaldas,2
Eitvidas,88
Eitvilas,10
Eitviltas,1
Eitvyda,3
Eitvydas,364
Eiva,201
Eivaldas,3
Eivardas,5
Eivas,9
Eivida,1
Eividas,194
Eivija,2
Eivilas,3
Eivilis,1
Eiviltas,15
Eivina,128
Eivinas,216
Eivis,13
Eivita,20
Eivitas,12
Eivyda,13
Eivydas,310
Eivys,1
Ela,378
Elada,122
Eladas,4
Eladija,4
Eladijus,9
Elas,7
Eldija,4
Eldijus,1
Elegija,6
Elegijus,44
Elektra,2
Elena,7248
Elenas,1
Eleonora,770
Ele,2
Elfrida,3
Elga,4
Elgina,1
Elgirdas,1
Elida,47
Elidas,3
Elidija,10
Elidijus,50
Eliga,1
Eligas,1
Eligija,215
Eligijus,1176
Eligius,2
Elija,1828
Elijas,244
Elijus,1089
Elimantas,1
Elina,489
Elinga,684
Elingas,15
Elinora,3
Eliotas,14
Elis,18
Elita,281
Elitas,1
Elius,6
Eliza,241
Eliziejus,6
Elma,30
Elmanas,3
Elmanta,1
Elmantas,16
Elmaras,42
Elmas,2
Elmina,8
Elminas,5
Elminta,1
Elmis,4
Elmyra,34
Elnara,14
Elnaras,2
Elnias,1
Elnis,1
Elnora,1
Elnoras,2
Elona,333
Elonas,136
Elva,7
Elvida,3
Elvidas,8
Elvija,36
Elvijus,32
Elvina,188
Elvinas,615
Elvis,128
Elvyra,2545
Elvyras,14
Elvys,1
Elza,54
Elze,3
Elzbieta,108
Ema,4287
Emanuela,28
Emanuele,4
Emanuelis,121
Emas,17
Emerikas,1
Emerita,95
Emeta,1
Emetas,58
Emila,7
Emilas,1
Emile,28
Emiliana,12
Emilija,10836
Emilijona,1
Emilijonas,1
Emilijus,1102
Emilis,4659
Emilius,32
Emira,16
Emiras,33
Emis,4
Ena,7
Enas,4
Engelbertas,2
Enija,17
Enijus,2
Enis,5
Enrika,1230
Enrikas,282
Enris,12
Era,5
Erastas,11
Erazmas,2
Erda,3
Erdas,6
Erdenis,3
Erdis,1
Erdmanas,1
Erdmantas,1
Erdvilas,22
Erdvilis,5
Erdvilius,2
Erdvinas,4
Erhardas,1
Erika,8398
Erikas,4765
Erina,16
Erinas,5
Erinija,10
Erinijus,3
Erlanda,75
Erlandas,656
Erlinga,6
Erlingas,5
Erma,7
Ermanta,1
Ermantas,5
Ermijus,1
Ermilijus,2
Ermina,113
Erminas,51
Erminda,1
Ermindas,2
Erminija,15
Erminijus,21
Erminta,8
Ermintas,4
Ermis,1
Erna,93
Ernanda,8
Ernandas,26
Ernas,21
Ernesta,3475
Ernestas,6031
Ernestina,30
Ernestinas,3
Ernis,15
Ernius,5
Ersilijus,2
Erta,25
Ertmonas,1
Ervaidas,1
Ervaldas,3
Ervida,1
Ervidas,12
Erviltas,1
Ervina,36
Ervinas,593
Ervis,1
Esija,1
Esma,10
Esmeralda,38
Esmeraldas,1
Esme,1
Estela,429
Estelas,2
Estelita,6
Estera,315
Esteras,2
Estere,1
Etanas,59
Etas,4
Etmonas,2
Eudokija,4
Eufemija,10
Eufrozina,3
Eugenas,1
Eugene,3
Eugenija,2213
Eugenijus,4377
Eulalija,16
Eulogija,3
Eulogijus,1
Eunike,1
Eusebijus,1
Eustachijus,1
Eustazijus,1
Eva,2997
Evalda,38
Evaldas,8014
Evaldis,1
Evanas,362
Evangelija,2
Evarista,1
Evaristas,4
Evas,1
Evelija,2
Evelina,8817
Evelinas,4
Everistas,5
Evija,150
Evijus,7
Evita,974
Ezra,2
Edesijus,1
Edigijus,5
Edmuntas,33
Eduartas,1
Edvartas,6
Edverdas,30
Edvynas,1
Edvordas,1
Efimija,1
Efrosinija,2
Efrozina,5
Egydijus,1
Eksavera,5
Ekvelija,1
Ekvilija,2
Elberta,1
Elbertas,1
Elbina,1
Elenora,2
Elgijus,1
Elialija,1
Elicija,12
Elygijus,2
Endriejus,1
Enzelmas,1
Eofruzija,1
Eolelija,1
Eologija,1
Erenijus,9
Erimijus,1
Ermonas,1
Ernastas,11
Esenija,3
Esmiralda,23
Esmiraldas,2
Eufruzina,2
Eugeinijus,1
Eugienijus,1
Eulelija,1
Eulialija,7
Euliogijus,1
Eurelija,28
Eurelijus,8
Evalina,9
Evdokija,6
Evgenija,38
Evgenijus,58
Evidijus,5
Evnikija,1
Evrelijus,1
Evtichijus,1
Edda,3
Eddie,1
Eden,11
Edgar,1247
Edgard,52
Edison,2
Edmund,156
Eduard,976
Eduardo,19
Edvard,1161
Edvin,951
Edwin,3
Egbert,1
Einars,3
Eivid,1
Elea,4
Eleonor,2
Elia,68
Elya,2
Eligia,1
Eliya,3
Elij,5
Elin,6
Ella,109
Elliot,4
Elliott,1
Elon,4
Elvin,21
Emanuel,31
Emiilija,1
Emil,355
Emilia,361
Emiliya,9
Emilij,10
Emilio,7
Emils,2
Emir,43
Emma,300
Emmanuel,1
Emmett,4
Enia,1
Enya,4
Enrico,10
Enrik,5
Enriko,9
Eric,39
Erica,6
Ericas,1
Erick,2
Erik,896
Erin,2
Erland,3
Ermin,16
Erminia,1
Ernando,1
Ernest,1086
Ernesto,5
Ervin,119
Estella,13
Estelle,7
Ester,15
Esther,5
Etan,6
Ethan,26
Ethanas,1
Eugen,1
Eugenia,5
Evald,117
Evan,94
Evangelia,1
Evelin,3
Evia,10
Fabiana,6
Fabianas,2
Fabija,4
Fabijas,1
Fabijonas,20
Fabijus,25
Fanasija,1
Fanija,4
Fardanija,1
Farida,12
Faridas,1
Fatima,67
Fatma,2
Fausta,1597
Faustas,1217
Faustina,223
Faustinas,15
Fauzija,1
Febronija,2
Felicija,220
Felicijona,1
Felicijonas,4
Felicijus,1
Felicita,8
Feliksa,4
Feliksas,740
Felius,1
Femijus,1
Fenija,4
Feodosija,24
Feodosijus,1
Feodotija,1
Feofanija,3
Feonija,12
Ferdinanda,1
Ferdinandas,35
Fernanda,17
Fernandas,30
Fetinija,1
Fevronija,1
Fida,4
Fidas,1
Fidelija,1
Fidelis,3
Filibertas,4
Filija,2
Filogonijus,1
Filomena,147
Fiona,8
Fionija,5
Firmina,1
Flavija,3
Flavijus,5
Flora,10
Floras,1
Florentas,1
Florentina,23
Florentinas,1
Floriana,1
Florida,2
Florija,2
Florijonas,2
Florinda,1
Florindas,1
Fortunas,1
Fortunata,5
Fortunatas,16
Freda,12
Fredas,19
Frederikas,12
Fredis,4
Freja,10
Frida,26
Fridas,3
Friderika,6
Fridis,1
Fridrichas,2
Fridrikas,4
Frigija,1
Frosinija,1
Fulgencijus,1
Fulgenta,1
Fulgentas,2
Fecenija,1
Fedosija,9
Fedotija,1
Fefanija,1
Feleksas,2
Felomena,6
Ferdinantas,1
Fetenija,1
Fibronija,1
Filicija,2
Filiomena,6
Filionija,2
Filiontija,1
Fiofanija,1
Fivronija,1
Fliorida,1
Fliorijonas,1
Folgentas,1
Frasenija,1
Frazina,1
Frosenija,1
Fabia,1
Fabian,50
Fabio,10
Farid,8
Faust,1
Felicia,6
Feliks,148
Ferdinand,1
Fernando,10
Fidel,1
Fiuonija,1
Flavia,2
Flavio,2
Florian,6
Fred,5
Freddie,1
Freya,20
Fridrich,2
Fridrik,2
Gabeta,11
Gabija,10756
Gabijus,65
Gabis,2
Gabriela,705
Gabriele,24
Gabrielis,261
Gabrielius,3915
Gabris,2
Gabrys,1
Gaida,1
Gaila,77
Gailija,1
Gailimantas,5
Gailina,33
Gailinta,1
Gailintas,1
Gailis,1
Gailius,21
Gailutis,23
Gaimantas,1
Gaiva,134
Gaivaldas,1
Gaivilas,2
Gaivilija,1
Gaivis,1
Gaja,84
Gajus,67
Galigintas,1
Galija,11
Galijus,4
Galina,5371
Galius,7
Galmantas,4
Galminas,4
Galvirdas,4
Galvydas,2
Gantas,40
Gantautas,1
Gardenija,1
Garijus,8
Gasparas,30
Gauda,1
Gaudas,6
Gaudencija,4
Gaudenis,13
Gaudenta,9
Gaudentas,61
Gaudija,1
Gaudminas,1
Gaudrimas,15
Gaudrius,9
Gaudvidas,2
Gaudvilas,2
Gaudvinas,4
Gaudvydas,11
Geda,76
Gedartas,2
Gedas,812
Gedautas,1
Gedeonas,3
Gedgaudas,11
Gedimina,9
Gediminas,11385
Gedma,1
Gedmantas,24
Gedmas,6
Gedmina,6
Gedminas,16
Gedminta,1
Gedmintas,2
Gedra,1
Gedrima,2
Gedrimas,5
Gedrius,1
Gedutis,32
Gedvaldas,5
Gedvardas,5
Gedvida,1
Gedvidas,37
Gedvilas,6
Gedvilija,1
Gedvina,1
Gedvinas,35
Gedvyda,4
Gedvydas,86
Gedvyga,3
Geida,6
Geidas,6
Geidvydas,1
Geimantas,3
Geimina,1
Geiminas,1
Geismantas,1
Geistautas,7
Geistys,2
Geisva,1
Geisvina,1
Geisvydas,1
Geitautas,1
Geitvydas,2
Geividas,2
Geivydas,5
Gela,4
Gelgaudas,1
Gelija,8
Gelijus,2
Gelma,3
Gelmantas,3
Gelmijus,1
Gelmina,73
Gelminas,15
Gelmis,31
Gelmius,4
Gelmys,1
Gelvinas,1
Gelvis,1
Gema,231
Gemas,7
Geminas,2
Gemonija,1
Gena,9
Genadas,1
Genadija,4
Genadijus,1309
Genardas,3
Genas,2
Gendra,17
Gendras,1
Gendriminas,1
Gendrius,7
Gendvydas,1
Gene,1
Genija,8
Genijus,11
Genius,91
Genovaita,17
Genovaite,1
Genovaitis,4
Georgas,4
Georgija,1
Georgijus,224
Gera,4
Geralda,3
Geraldas,135
Gerarda,11
Gerardas,482
Gerasimas,1
Gerda,3372
Gerdas,135
Gerdis,1
Gerhardas,12
Gerimanta,4
Gerimantas,74
Gerinta,14
Gerius,1
Gerlinda,3
Germa,27
Germana,3
Germanas,190
Germantas,177
Germilis,1
Germina,14
Germinas,7
Germinta,1
Germintas,2
Gerontijus,1
Gerta,22
Gertaras,1
Gertas,4
Gertautas,19
Gertis,2
Gertruda,14
Gertrudas,1
Gertvydas,1
Gervaldas,2
Gervidas,1
Gervydas,5
Gesta,6
Gestautas,5
Geta,7
Getautas,1
Gida,16
Gidas,29
Gidija,1
Gidijus,2
Giedra,253
Giedras,1
Giedrija,1
Giedrima,6
Giedrimas,7
Giedris,6
Giedrius,10308
Giedrys,2
Gija,17
Gijas,1
Gijus,1
Gila,1
Gilanda,6
Gilberta,2
Gilbertas,38
Gilda,2
Gildas,6
Gileta,173
Giligeda,1
Gilija,28
Gilius,7
Gilma,19
Gilmantas,13
Gilme,1
Gilmina,11
Gilminta,1
Gilmintas,8
Gilvida,2
Gilvina,1
Gilvinas,4
Gilvyda,2
Gilvydas,26
Gimas,2
Gina,412
Ginas,75
Gindas,1
Gineta,89
Giniotas,1
Ginius,2
Ginta,311
Gintara,28
Gintaras,13673
Gintare,2
Gintarija,16
Gintarijus,1
Gintaris,71
Gintarius,32
Gintas,1608
Gintauta,39
Gintautas,10497
Gintenis,2
Gintis,2
Gintvidas,3
Gintvilas,7
Gintvilija,2
Gintvydas,3
Ginutis,10
Ginvilis,1
Ginvyda,1
Ginvydas,6
Giras,1
Girda,7
Girdas,4
Girdenis,2
Girdijus,1
Girdutis,10
Girdvilas,2
Girdvydas,3
Giris,1
Girius,138
Girma,3
Girmanta,1
Girmantas,88
Girmintas,1
Girstautas,1
Girstis,3
Girtautas,1
Girvidas,6
Girvilas,1
Girvinas,1
Girvydas,22
Gita,746
Giulija,10
Gydas,2
Gyta,7
Gytautas,197
Gytenis,46
Gyte,1
Gytas,9
Gytis,5004
Glaudijus,1
Glikerija,2
Glodija,1
Glorija,272
Goda,5212
Godas,3
Goja,19
Gojus,21
Gomantas,1
Gonorija,1
Gordija,2
Gordijus,5
Gortenzija,1
Gota,1
Gotaras,8
Gotardas,1
Gotautas,11
Gotfridas,14
Gotis,2
Gracas,1
Graciana,2
Gracija,18
Gracijonas,3
Gracijus,60
Gracis,1
Gracius,8
Gradislava,1
Granta,5
Grantas,458
Grasilda,45
Grata,5
Gratas,86
Gregas,4
Gregoras,1
Greta,11101
Gretas,2
Grete,2
Grigalius,13
Grigas,37
Grigorijus,278
Grintas,1
Grintautas,1
Grinvidas,2
Grinvydas,8
Gryta,30
Gruodis,5
Gulfija,1
Gunaras,43
Gunda,28
Gundas,2
Guoba,1
Guoda,1132
Guosta,1
Gusta,7
Gustas,3189
Gustautas,30
Gustavas,95
Guste,5
Gustina,47
Gustinas,4
Gustis,23
Gutas,1
Gutautas,1
Guzalija,1
Gvena,1
Gvida,19
Gvidas,1913
Gvide,1
Gvidmantas,2
Gvidonas,44
Gaudendas,1
Gelbertas,1
Geltruda,1
Gendruda,2
Genorata,4
Gerchardas,15
Gervozijus,1
Getruda,2
Giacinta,1
Gidonas,1
Giema,1
Gierardas,1
Gierda,1
Giliara,1
Giliaras,1
Giliarija,1
Giliarijus,2
Ginadijus,3
Gonorata,54
Gortensija,1
Grigarijus,1
Grygorijus,1
Gubertas,8
Gunoras,1
Gabia,39
Gabriel,500
Gabriella,65
Gabrielle,21
Gaia,16
Gaspar,1
Gemma,2
Genadij,1382
Georg,14
Georgia,1
Georgij,358
Gerald,10
Gerard,36
Gerd,2
German,195
Gert,1
Gilbert,2
Gloria,45
Gracia,1
Grant,17
Gregor,2
Gregorij,2
Gretta,3
Grigorij,520
Gunar,7
Gust,1
Gustav,9
Gustavo,10
Gvidon,3
Hadija,1
Halina,669
Hansas,4
Haraldas,4
Harimantas,3
Haris,243
Harius,5
Harolda,3
Haroldas,1228
Heda,2
Hedas,1
Heida,22
Hektoras,30
Hela,13
Helena,682
Helene,3
Helga,27
Helija,1
Helijas,1
Helijus,2
Heliodoras,1
Helius,1
Helmutas,50
Helvija,1
Helvijas,1
Helvijus,2
Henrieta,150
Henrika,342
Henrikas,2732
Henris,45
Herberta,1
Herbertas,28
Herkus,1877
Herma,2
Hermanas,47
Hermantas,8
Hermas,5
Hermenegildas,1
Herminija,1
Hermis,23
Hiacinta,1
Hiacintas,1
Higina,2
Hila,3
Hilara,1
Hilaras,1
Hilarija,3
Hilarijus,5
Hilaris,1
Hilda,33
Hildegarda,1
Hiliara,1
Hiliaras,3
Hiliarijus,2
Honorata,108
Honorijus,1
Horacijus,2
Horstas,3
Hortenzija,2
Huberta,5
Hubertas,421
Hugas,102
Hermengildas,1
Hermilijus,1
Hortensija,1
Hadiya,2
Harald,2
Hary,2
Harold,20
Harry,13
Hector,2
Hedda,1
Hektor,1
Helen,4
Helmut,8
Henri,4
Henry,16
Henrik,478
Herbert,5
Herman,9
Hubert,48
Hugo,49
Ida,102
Idalija,85
Idalijus,1
Idas,2
Idilija,28
Idilijus,1
Ieva,14698
Ifigenija,1
Iglesija,1
Igle,1
Igna,16
Ignacas,25
Ignacijus,3
Ignacius,1
Ignas,7858
Ignatijus,18
Igne,1
Ignis,1
Ignius,33
Ignotas,173
Ija,46
Ilarija,25
Ilarijus,7
Ilda,16
Ildas,2
Ildefonsas,14
Ilga,4
Ilija,17
Ilijas,2
Ilijus,2
Ilitija,4
Iliumina,1
Iliuminata,3
Ilma,385
Ilmanta,1
Ilmantas,6
Ilmaras,48
Ilmeda,10
Ilmena,9
Ilmis,2
Ilona,7017
Ilonas,4
Ilva,5
Ilvydas,2
Ilze,2
Ima,2
Imanas,1
Imantas,332
Imelda,21
Iminas,3
Ina,3172
Inas,6
Indija,4
Indra,481
Indraja,48
Indrajas,1
Indras,4
Indre,2
Indrija,5
Indrius,12
Inesa,3008
Inese,6
Ineza,17
Inga,16012
Ingas,5
Ingeborga,13
Inge,1
Ingis,2
Ingrida,9202
Ingridas,29
Ingvaras,11
Inis,3
Inocentas,3
Inokentijus,1
Inta,44
Intas,5
Ipatijus,1
Ipolita,1
Ipolitas,73
Ipolius,1
Ira,49
Irena,21018
Irenas,1
Irene,5
Ireniejus,1
Irenius,3
Irgina,1
Irginta,1
Irgintas,1
Irina,7082
Irinija,1
Irinijus,10
Irius,1
Irma,4964
Irmanta,17
Irmantas,3277
Irmas,2
Irmgarda,4
Irmina,337
Irminas,2
Irminta,11
Irta,20
Irtas,3
Irtautas,17
Irvidas,12
Irvis,1
Irvyda,2
Irvydas,15
Isabela,46
Isabele,2
Isra,1
Italija,1
Iva,12
Ivanas,1230
Ivas,29
Iveta,1758
Ivija,2
Ivolijus,2
Ivona,896
Iza,1
Izabela,236
Izabele,5
Izaokas,4
Izidora,5
Izidorius,92
Izolda,161
Izoldas,7
Izraelis,1
Igedijus,1
Igidija,1
Igidijus,5
Ilaras,3
Iligija,2
Iligijus,2
Iliona,4
Imilija,1
Izinavija,1
Izocijus,1
Ignacij,3
Ilaria,7
Imant,3
Inessa,26
Ingrid,20
Inna,66
Isabella,86
Ivan,3413
Izabelia,7
Izabella,23
Izabelle,3
Izidor,5
Jacinta,16
Jadvyga,3728
Jakimas,3
Jana,357
Janas,421
Jane,3
Janina,13091
Janis,130
Janys,1
Januaras,2
Januarija,1
Januarijus,4
Jara,2
Jaras,8
Jaris,2
Jaroslava,43
Jasonas,5
Jaunis,6
Jaunius,712
Jaunutis,62
Jaurimas,1
Jautra,3
Jautrius,1
Jefremijus,1
Jefrosinija,19
Jekaterina,2206
Jelena,8594
Jeremijas,2
Jeronima,8
Jeronimas,143
Jesenija,31
Jevdokija,68
Jevfrosinija,1
Jevgenija,999
Jevgenijus,1340
Jevgrafijus,1
Jevlalija,2
Jevlampijus,1
Jevnikija,1
Jevsevijus,1
Jevstafijus,2
Jevstolija,2
Jevtichijus,1
Jieva,12
Joakimas,6
Joana,1878
Joanas,4
Joanis,2
Jodaras,1
Joelis,34
Jogaila,261
Jogantas,1
Jogaudas,3
Jogilas,2
Jogilija,1
Jogina,1
Joginta,16
Jogintas,28
Jogirdas,5
Jogunda,2
Jogundas,3
Jokimas,4
Jokintas,1
Jokubas,18
Jola,3
Jolanta,16598
Jolantas,43
Joleta,34
Jolita,6999
Jomantas,112
Jomilas,1
Jomilis,2
Jona,6
Jonas,26585
Jonatanas,14
Jonis,22
Jonius,1
Jonyta,1
Jorana,8
Joranas,31
Joras,1
Jordana,47
Jordanas,224
Jore,3
Jorida,4
Joridas,6
Jorigis,13
Jorimas,4
Jorintas,33
Joris,2746
Jorita,11
Jorius,4
Jorune,1
Jostautas,3
Josvaldas,3
Josvydas,11
Jotaura,1
Jotauras,3
Jotautas,19
Jotvilas,3
Jotvingis,1
Jotvis,3
Jotvydas,1
Jovaida,1
Jovaidas,2
Jovaldas,20
Jovaras,86
Jovas,4
Jovida,3
Jovidas,13
Jovilas,1
Jovilija,1
Joviltas,4
Jovinas,1
Jovirdas,1
Jovis,5
Jovita,4814
Jovitas,35
Jovyda,3
Jovydas,120
Judita,2235
Judra,4
Judris,1
Judrius,5
Jula,1
Julas,1
Juliana,337
Julianas,23
Julianija,1
Julija,6849
Julijona,48
Julijonas,107
Julijus,251
Julis,18
Julita,484
Julius,5278
Juna,80
Junda,13
Junija,6
Junijus,1
Junona,42
Juostina,1
Juozapa,7
Juozapas,501
Juozapata,1
Juozapina,4
Juozas,13041
Jurga,1401
Jurgina,41
Jurginas,1
Jurgis,1819
Jurgita,16810
Jurgys,1
Jurija,1
Jurijus,2591
Jurmantas,6
Justa,62
Justas,6952
Juste,1
Justina,8065
Justinas,6603
Justis,2
Juta,157
Jutas,5
Juvenalis,1
Juvencija,2
Juvencijus,7
Juventa,35
Juventas,29
Juventina,2
Juventinas,2
Juzefa,438
Juzefas,122
Juzis,2
Jura,15
Juras,287
Jurate,1
Juris,49
Jurius,5
Jadviga,28
Jakubas,7
Jaugenijus,1
Javdokija,2
Javita,11
Javitas,4
Jedvyga,3
Jefimija,5
Jefrasinija,1
Jegenijus,1
Jegorijus,5
Jenina,18
Jeproksija,1
Jeugenija,3
Jeugenijus,2
Jevfrosija,1
Jevproksija,1
Jevstatijus,1
Jokymas,1
Judyta,4
Juljanija,1
Juozupas,4
Jan,1835
Jason,21
Jeronim,2
Joan,5
Joanna,34
John,11
Jokub,1
Jonathan,14
Jordan,4
Judith,2
Julia,145
Julian,70
Juliano,1
Julij,23
Jurij,3692
Justin,26
Juzef,399
Kaitra,1
Kaja,253
Kajetonas,13
Kajus,5016
Kalebas,1
Kalerija,4
Kaliksta,1
Kalikstas,1
Kalisfenija,1
Kalista,9
Kalmantas,2
Kalmintas,1
Kalnius,5
Kama,1
Kamelija,51
Kamila,821
Kamilas,9
Kamile,23
Kamilija,209
Kamilijus,6
Kamilis,139
Kamilius,8
Kamis,1
Kantas,3
Kantautas,3
Kantrimas,3
Kantvilas,1
Kantvydas,1
Kanutas,2
Kapitolina,2
Karalius,1
Kaributas,1
Karigaila,3
Karijotas,4
Karimas,5
Karina,4171
Karis,1
Karius,1
Karla,19
Karlas,26
Karlis,4
Karmela,11
Karmelija,3
Karmena,16
Karolina,9428
Karolinas,2
Karolis,11111
Karolius,1
Kasandra,10
Kasija,4
Kasijus,2
Kasparas,1907
Kaspija,3
Kaspijus,3
Kasta,1
Kastancija,3
Kastantas,6
Kastas,1
Kastautas,3
Kastijus,8
Kastis,5
Kastytis,1162
Katalina,14
Katarina,34
Katerina,204
Katrina,214
Katryna,64
Kaunas,1
Kaunis,1
Kaze,1
Kazimiera,362
Kazimieras,2856
Kazis,5
Kazys,2400
Kedras,2
Keite,1
Kelvinas,7
Kenas,6
Kenetas,1
Kentauras,4
Kermantas,1
Kernas,2
Kernis,3
Kernius,262
Kevina,1
Kevinas,670
Kezija,1
Kesmina,12
Kestas,3
Kestautas,1
Kestutis,25
Kilianas,1
Kilminta,1
Kilna,1
Kinga,21
Kinta,1
Kintas,2
Kintautas,4
Kintenis,2
Kipras,1200
Kiprianas,1
Kiprijonas,6
Kira,241
Kiras,2
Kirilas,99
Kymantas,6
Klaida,7
Klaidas,913
Klara,80
Klaudas,12
Klaudija,612
Klaudijus,682
Klausas,1
Klavdija,162
Klelija,1
Klemas,29
Klemensas,204
Klementas,4
Klementijus,1
Klementina,46
Kleopa,14
Kleopas,12
Kleopatra,11
Kleva,2
Klevas,7
Klimentijus,1
Klotilda,11
Knutas,1
Koleta,6
Konradas,128
Konstancija,77
Konstanta,1
Konstantas,7
Konstantina,9
Konstantinas,913
Konsuela,15
Kordelija,22
Kordelijus,4
Kornela,1
Kornelija,2877
Kornelijus,855
Kornelis,5
Kornelius,5
Kornilijus,1
Kosta,1
Kostas,1540
Kotryna,3906
Kovaldas,13
Kovas,27
Kozmas,9
Krescencijus,1
Krescentas,1
Krista,8
Kristas,1
Kristiana,19
Kristianas,65
Kristijona,4
Kristijonas,973
Kristina,23878
Kristinas,9
Kristine,5
Kristis,33
Kristoferis,16
Kristoforas,14
Kristupa,1
Kristupas,3447
Krizantas,3
Krizostomas,1
Ksavera,67
Ksaveras,44
Ksaverija,14
Ksaverijus,2
Ksenija,683
Kunigunda,19
Kunotas,2
Kvintas,3
Kvirinas,5
Kvistas,1
Kajatonas,3
Kasperas,6
Katorina,1
Kazimera,1
Kazimeras,15
Kazymiera,1
Kazymieras,18
Kirjakija,1
Kliaudija,1
Kliaudijus,2
Klimentas,2
Komilija,1
Konrodas,2
Kostancija,41
Kostantas,45
Krestina,63
Kristyna,48
Kristyne,2
Ksevera,14
Kseveras,6
Kseverija,1
Ksienija,1
Kurnelija,1
Kaia,9
Kaya,8
Kaius,5
Kaj,15
Kamil,128
Kamilla,23
Kamille,1
Karim,25
Karl,8
Karol,267
Karp,1
Kaspar,16
Kaspars,2
Kassija,1
Katharina,3
Katherina,3
Kazimier,1
Kelvin,3
Kenneth,1
Kest,1
Kevin,280
Kiril,842
Kirill,75
Klaid,2
Klaudia,28
Klea,3
Klemens,5
Klement,2
Konrad,82
Konstantin,994
Kornelia,39
Kornelij,7
Kristian,103
Kristin,1
Kristoffer,2
Kristofor,1
Ksaver,1
Ksenia,15
Kvirin,1
Ladas,2
Ladis,2
Laiginta,1
Laigirda,2
Laima,13434
Laimantas,43
Laimas,181
Laime,1
Laiminta,10
Laimintas,2
Laimis,1126
Laimius,79
Laimus,4
Laimute,3
Laimutis,1715
Laimunas,4
Laisva,18
Laisvida,41
Laisvidas,63
Laisvina,3
Laisvis,40
Laisvius,2
Laisvyda,31
Laisvydas,147
Laisvutis,13
Lala,2
Lamberta,1
Lamija,1
Lana,47
Lanas,4
Larija,22
Larijus,3
Larisa,2334
Lauksmina,4
Lauksminas,3
Lauksna,1
Lauksvydas,1
Lauma,1
Laura,13950
Lauras,286
Laurena,2
Laurencija,22
Laurensija,2
Laurentas,12
Laurentijus,4
Laurentina,3
Laurentinas,1
Lauris,74
Laurita,380
Laurius,16
Lauryna,554
Laurynas,6249
Lavrentijus,5
Lazaras,1
Lazaris,1
Leandra,9
Leandras,16
Leila,391
Leilas,1
Leinartas,3
Leita,2
Leitis,2
Lelija,22
Lena,510
Lenardas,3
Lenas,3
Lengvinas,1
Lenis,1
Lenius,4
Leokadija,976
Leona,17
Leonarda,442
Leonardas,1035
Leonas,2400
Leoncijus,1
Leonida,112
Leonidas,759
Leonija,29
Leonila,2
Leonius,1
Leonora,477
Leonoras,2
Leonsija,1
Leontija,1
Leontijus,49
Leontina,52
Leopolda,4
Leopoldas,37
Leta,121
Letas,2
Leticija,106
Leva,51
Levas,57
Levis,7
Levkija,1
Leja,34
Liauda,6
Liaugaudas,1
Liba,2
Liberata,1
Liberta,18
Libertas,5
Libe,1
Licija,1
Lida,332
Lidija,1632
Lidijus,5
Liepa,3645
Lietus,1
Liga,3
Ligija,93
Ligijus,3
Lija,90
Lijana,1543
Lijus,1
Lila,6
Lile,3
Lilija,3552
Lilijana,220
Lina,23667
Linas,10001
Linda,63
Lingailas,1
Linius,1
Linvida,1
Linvidas,4
Linvyda,1
Linvydas,33
Liona,3
Lionas,4
Liongina,218
Lionginas,452
Lionis,4
Lionius,111
Lisana,8
Lita,15
Liuba,172
Liubartas,12
Liubomira,4
Liubomiras,1
Liuciana,5
Liucianas,1
Liucija,1999
Liucijonas,1
Liucijus,55
Liucina,155
Liucius,1
Liuda,940
Liudas,1279
Liudgaras,2
Liudgarda,9
Liudgardas,7
Liudgera,2
Liudgeras,1
Liudgeris,1
Liudmila,5998
Liudomila,1
Liudomiras,1
Liudvika,235
Liudvikas,776
Liudvina,35
Liutaura,12
Liutauras,1398
Liutautas,1
Liutgarda,1
Liva,5
Liveta,756
Livija,581
Livijus,45
Liza,55
Lybartas,1
Lyga,6
Lygaudas,13
Lygedas,3
Lygmantas,1
Lyma,1
Lymantas,11
Lynartas,1
Lynas,2
Lyra,12
Lyrika,1
Lola,10
Lolija,1
Lolita,1048
Lomena,1
Lona,2
Longinas,1
Lonija,8
Lora,56
Lorena,81
Lorenas,123
Loreta,9076
Lota,9
Lotas,2
Luciana,9
Lucianas,1
Lucija,1022
Lucijonas,1
Lucijus,1
Lugnius,2
Luiza,129
Luka,1792
Lukas,17860
Lukerija,2
Lukija,7
Lukne,2
Luknius,7
Lukrecija,1073
Lukrecijus,7
Luna,143
Ladislovas,2
Lalita,12
Leukadija,2
Levanas,2
Levanora,1
Levenora,2
Levkadija,1
Levonas,16
Levonida,1
Levonija,3
Levontina,3
Levukadija,1
Liaukadija,4
Lydija,31
Liferijus,3
Lygija,10
Lylija,2
Liolita,20
Liudmyla,1
Liukrecija,10
Liukresija,1
Lyvija,2
Lokadija,1
Lokrecija,1
Ludvika,1
Lvija,1
Laurent,2
Lea,55
Leah,17
Leandro,1
Leia,17
Leya,21
Leny,1
Leokadia,2
Leon,299
Leonard,351
Leonardo,67
Leonid,824
Leopold,3
Leticia,18
Lev,140
Lia,16
Lidia,17
Lilia,214
Lilya,1
Linnea,8
Liongin,37
Liucia,1
Liudvik,59
Livia,17
Longin,2
Lucia,24
Lucrecia,1
Lukrecia,10
Machija,1
Madara,1
Magda,47
Magdalena,152
Magdelena,39
Magnas,5
Magryta,1
Maiga,5
Mainotas,6
Maja,893
Majus,1282
Makarijus,5
Maksas,56
Maksimas,372
Maksimilianas,12
Maksimilijonas,3
Malika,13
Malikas,3
Malina,1
Malvina,164
Malvinas,1
Mamerta,4
Mamertas,83
Mamertina,1
Mandas,4
Manefija,1
Mane,2
Manfreda,2
Manfredas,198
Mangaudas,2
Mangirda,1
Mangirdas,564
Mangis,1
Manigirda,1
Manigirdas,9
Manius,2
Manys,1
Manta,33
Mantas,19213
Mantautas,107
Mantgirda,1
Mantgirdas,10
Mantijus,2
Mantis,3
Mantrijus,1
Mantrimas,23
Mantrius,1
Mantvidas,70
Mantvilas,6
Mantvilija,1
Mantvinas,4
Mantvyda,1
Mantvydas,1273
Manuela,34
Manuele,1
Manuelis,12
Manvida,1
Manvidas,8
Manvilas,1
Manvilis,1
Manvydas,140
Mara,2
Marcela,2
Marcelijus,2
Marcelina,8
Marcelinas,4
Marcelis,5
Marcelius,5
Marcijona,3
Marcijonas,4
Marcis,2
Marcius,1
Mareta,2
Margareta,5
Margarita,3005
Margerita,1
Margiris,224
Margita,2
Mariana,153
Marianas,15
Marija,10164
Marijona,1181
Marijonas,584
Marijus,1797
Marina,3019
Marinas,3
Marine,1
Maris,25
Marita,17
Marius,17531
Markas,2384
Marlena,15
Marta,1224
Martas,126
Martirija,1
Martis,17
Martyna,1673
Martynas,11068
Marzija,2
Matas,10895
Matija,1
Matijas,27
Matijus,83
Matilda,108
Matilde,2
Matis,11
Matrona,1
Maura,2
Mauras,3
Mauricijus,1
Maurikijus,1
Meda,1864
Medardas,73
Medas,49
Medeina,332
Medgardas,1
Mefodija,1
Meilana,4
Meilina,9
Meilita,19
Meilius,1
Meilutis,7
Meinarda,1
Meinardas,175
Mela,5
Melana,29
Melanija,171
Melanijus,10
Melas,1
Melda,16
Meldas,14
Melija,27
Melijus,1
Melisa,257
Melita,972
Melodija,2
Mereta,8
Merita,37
Meritas,1
Merkelis,4
Merkys,26
Merkurijus,3
Merkuris,1
Merlinda,1
Mersedesa,1
Merta,1
Mertas,6
Merunas,3
Metas,16
Metija,1
Metijus,2
Metodija,1
Metodijus,4
Meta,4
Michalina,32
Migdolija,1
Migla,40
Miglas,1
Miglena,6
Migle,5
Miglija,3
Miglius,66
Miglovaras,1
Mija,545
Mijus,8
Mika,15
Mikalina,13
Mikalojus,57
Mikas,357
Mike,4
Mila,508
Milagra,9
Milana,2219
Milanas,70
Milanija,30
Milas,3
Milda,6801
Mildaras,15
Mildas,5
Milena,1130
Mileta,135
Mile,1
Mileja,1
Milgaudas,15
Milgeda,1
Milgedas,15
Milgeida,1
Milgeidas,1
Milginta,33
Milgintas,1
Milgirdas,3
Milicija,1
Milija,35
Milijus,2
Milita,982
Militas,1
Milius,20
Milivydas,1
Milnora,3
Miloslava,3
Milta,1
Milva,1
Milvaldas,1
Milvida,1
Milvidas,12
Milvinas,2
Milvyda,2
Milvydas,150
Mina,6
Minas,7
Mindas,1
Mindaugas,23580
Mindija,1
Minga,2
Mingailas,1
Mingaile,1
Mingailis,4
Mingas,3
Mingaudas,40
Mingeda,1
Mingijas,1
Mingindas,1
Mingintas,1
Mingirdas,1
Minija,42
Minijus,45
Minius,2
Mintara,7
Mintaras,52
Mintarija,1
Mintartas,2
Mintas,2
Mintautas,108
Mintija,3
Mintijus,1
Mintvida,1
Mintvydas,3
Minvaldas,1
Minvidas,8
Minvilas,1
Minvyda,1
Minvydas,146
Mira,98
Miranda,103
Mirandas,5
Mirdza,3
Mirga,23
Mironija,2
Miropija,1
Miroslava,460
Mirta,3
Mykolas,2815
Myra,5
Modesta,1037
Modestas,5215
Modestinas,1
Mona,34
Monika,9646
Montanas,2
Morena,5
Morenas,6
Morkus,22
Morta,580
Motiejus,1643
Muradas,2
Muzika,1
Madesta,1
Madestas,4
Magdaliana,1
Malanija,2
Malenija,2
Malianija,2
Marjona,5
Melenija,2
Melianija,10
Mertynas,1
Metilda,2
Mielanijus,2
Mifodijus,4
Maya,112
Maks,63
Maksim,2192
Maksimilian,103
Maksims,3
Malik,5
Manfred,3
Manuel,16
Marc,14
Marcel,19
Marco,21
Maria,175
Marij,3
Marin,2
Mario,14
Mark,955
Marko,18
Mart,2
Martyn,12
Mat,5
Mathilda,1
Mats,2
Matt,10
Mauricij,1
Max,4
Maxim,7
Maximilian,3
Medard,6
Medea,2
Meg,1
Melania,11
Melissa,76
Melitta,1
Mert,9
Mia,306
Miya,3
Mik,1
Milan,73
Milanna,1
Milano,1
Miliya,1
Milla,17
Modest,40
Monica,12
Nada,3
Nadija,6
Nadruvis,1
Naglijus,1
Naglis,915
Naglius,1
Naktis,1
Nandas,40
Napalis,3
Napalius,2
Napalys,11
Napoleonas,18
Napolis,4
Nara,4
Naras,3
Narciza,5
Narcizas,17
Narda,1
Nardas,1
Narijus,2
Narimana,2
Narimanas,2
Narimanta,1
Narimantas,124
Naris,1
Narius,3
Narmantas,1
Narmina,4
Narminta,1
Narsas,1
Narsetas,4
Narsutis,15
Nartautas,1
Narutis,28
Narunas,1
Narvidas,8
Narvyda,2
Narvydas,92
Nastasija,18
Nastazija,66
Nata,2
Natalija,5621
Natalijus,3
Natalis,4
Natalius,1
Natanas,109
Natanielis,31
Natanielius,7
Natas,291
Nate,2
Natolijus,1
Naubartas,4
Naudis,1
Naugirdas,5
Naumantas,1
Naumas,3
Nauras,2
Naurijus,9
Naurimantas,5
Naurimas,17
Naurimtas,4
Nauris,259
Naurius,26
Nautartas,1
Nazaras,2
Nazarijus,8
Nazija,5
Neda,975
Nedas,2597
Neila,258
Neilas,497
Neiliaudas,1
Neilis,1
Neimanas,1
Neimantas,103
Neimedas,5
Neiminta,2
Neitaras,8
Neitas,387
Neivaldas,17
Neivyda,1
Neivydas,15
Neivydis,1
Nela,18
Nelas,9
Nele,2
Nelija,67
Nelijus,12
Nelis,6
Nelius,6
Nemira,102
Nemirseta,1
Nemunas,76
Nendra,2
Nendris,1
Nera,3
Nerdas,2
Nerdinga,1
Nerdingas,3
Nereta,8
Nergintas,1
Nerida,26
Nerija,410
Nerijas,1
Nerijus,10315
Nerima,1
Nerimana,2
Nerimanta,1
Nerimantas,63
Nerimas,25
Neringa,8609
Neringas,9
Neringis,1
Neris,13
Nerita,31
Nerius,87
Nermeda,3
Nermedas,6
Nermina,1
Nervyda,2
Nervydas,1
Nestoras,4
Nevijus,1
Nicetas,1
Nida,884
Nidas,132
Nidija,12
Nidijus,18
Nija,10
Nijoleta,3
Nijole,2
Nijolija,14
Nijus,3
Nika,201
Nikandra,1
Nikandras,5
Nikas,248
Nikazijus,1
Nikiforas,4
Nikija,1
Nikita,2335
Nikitijus,1
Nikodema,4
Nikodemas,73
Nila,29
Nimfa,3
Nina,1929
Nira,2
Nirganda,1
Nirgindas,3
Nirmantas,1
Nirtautas,1
Nykantas,1
Nobertas,25
Nodaras,1
Nodaris,1
Nodas,1
Noela,31
Noele,5
Noelija,4
Noelis,93
Noema,3
Noja,64
Nojus,7180
Nomantas,2
Nomeda,716
Nomedas,35
Nomina,1
Nona,55
Nonis,1
Nora,470
Noras,1
Norberta,21
Norbertas,369
Norgailas,1
Norgaudas,2
Norgedas,1
Norgindas,1
Norgintas,1
Norgis,1
Norijus,4
Norimantas,2
Noris,2
Norita,7
Norius,3
Normanas,23
Normantas,227
Normeda,1
Normilas,1
Norminta,1
Normintas,1
Norta,1
Nortas,10
Nortautas,10
Norvaida,1
Norvaidas,1
Norvaldas,5
Norvida,1
Norvidas,12
Norvilas,11
Norvyda,4
Norvydas,73
Novaldas,1
Novydas,7
Nuela,3
Nuelis,7
Nurija,3
Nutautas,2
Napaleonas,11
Napalijonas,2
Nifantijus,1
Nifodzijus,1
Nikalojus,5
Nikodimas,6
Napoleon,2
Narciz,1
Natalia,28
Natan,71
Nataniel,18
Nathan,47
Nathaniel,4
Nazar,40
Ned,2
Neil,5
Neithas,1
Nelya,1
Nella,3
Nellija,1
Nestor,13
Nic,1
Nick,7
Nickas,2
Nickodem,1
Nico,9
Nijolia,157
Nik,4
Niko,10
Nikodem,18
Noah,44
Noel,13
Noelia,5
Noell,1
Noella,2
Noelle,1
Noya,5
Noyus,2
Nonna,3
Norbert,166
Norman,5
Odelija,1
Odeta,2253
Odetas,7
Odile,1
Odilija,78
Odilijus,2
Odinas,2
Ofelija,19
Okeanas,1
Oksana,4081
Oktavija,12
Oktavijus,15
Olava,1
Olegas,1879
Oleksijus,1
Olga,7523
Olimpiada,2
Olimpija,33
Olimpijus,2
Olis,3
Olius,9
Oliva,3
Olivera,1
Oliveras,1
Oliveris,82
Olivija,922
Olivijus,20
Omaras,1
Omaris,1
Ona,8908
Oras,2
Orentija,2
Oresta,200
Orestas,1295
Orestis,1
Oriana,23
Orija,1
Orijus,26
Orinta,1361
Orintas,61
Orintija,1
Orius,1
Ornelija,8
Ornelijus,2
Oskara,2
Oskaras,1750
Osmundas,25
Osvalda,20
Osvaldas,1573
Ota,1
Otas,46
Otavija,4
Otavijus,1
Otilija,502
Otilijus,18
Otonas,41
Otonis,2
Ovenas,1
Ovidija,142
Ovidijus,2021
Ovilija,1
Ogenija,1
Ogidija,1
Olicija,1
Opolionija,1
Otylija,1
Ovydijus,3
Octavia,2
Odelia,1
Odetta,1
Oktavia,2
Oleg,2630
Olegs,5
Oliver,140
Olivia,334
Omar,9
Orest,23
Oscar,69
Oscaras,2
Oskar,462
Oskars,5
Osvald,51
Otilia,10
Oton,2
Ottilija,1
Otto,11
Ottonas,6
Ougenija,1
Pajauta,7
Paladijus,2
Palma,136
Palmira,424
Palmiras,8
Palmyra,187
Palmyras,6
Paloma,3
Pamela,8
Pankratijus,1
Paola,13
Pasaka,2
Paskalis,9
Patricija,2989
Patricijus,17
Patrika,1
Patrikas,448
Patrimpas,1
Patris,2
Patrisija,4
Paula,1248
Paulas,6
Paulina,4239
Paulinas,19
Paulis,8
Paulius,13454
Pavasaris,2
Pelageja,8
Pelagija,4
Penelope,2
Perkus,3
Perla,198
Perlas,1
Perlis,2
Perlita,15
Petra,38
Petras,9574
Petre,1
Petrona,1
Petronijus,1
Pija,57
Pijus,2643
Pilara,2
Pilypas,14
Placida,4
Placidas,7
Platonas,4
Polikarpas,2
Polikarpijus,1
Polina,503
Polinaras,2
Polinarija,2
Polis,8
Polius,1
Polonija,1
Povilas,7265
Pragiedrulis,3
Prakseda,7
Praksija,1
Prana,1
Pranas,3440
Pranis,1
Praskovija,6
Preila,10
Prieglius,1
Prija,1
Prima,9
Primas,1
Priscila,1
Prokopijus,1
Pulgis,1
Putinas,11
Pajisijus,1
Palageja,1
Palagija,1
Palegija,1
Palenija,1
Palinarija,1
Palionija,2
Paraskovija,2
Parfirijus,1
Patrycija,10
Pelegija,1
Plecida,1
Polegija,2
Polionija,2
Pologija,1
Praskopija,1
Proskovija,3
Pudencija,2
Pulkarija,1
Puluferija,1
Pascal,5
Patricia,112
Patrick,24
Patrik,150
Patriks,1
Paul,15
Pelageya,1
Pia,8
Pius,4
Platon,63
Priya,1
Rachele,1
Rada,61
Radas,2
Radasta,3
Radikantas,1
Radis,2
Radmantas,1
Radmila,12
Radmilas,2
Radminas,8
Radomira,1
Radomiras,2
Radoslava,2
Radulfas,1
Radvida,2
Radvidas,4
Radvila,6
Radvilas,330
Radvilius,1
Radvis,1
Radvyda,5
Radvydas,21
Rafaela,15
Rafaele,1
Rafaelis,61
Ragnaras,11
Raigardas,334
Raigeda,11
Raigedas,29
Raigindas,1
Raigirdas,23
Raigundas,1
Raima,15
Raimantas,23
Raimas,1
Raimeda,7
Raimedas,21
Raimis,3
Raimonda,4930
Raimondas,7559
Raimunda,150
Raimundas,4483
Rainolda,3
Rainoldas,15
Raisa,752
Raisas,3
Raiva,4
Raivaldas,3
Raivas,3
Raivedys,1
Raivis,3
Raivydas,54
Rakija,1
Ralfas,23
Rama,15
Ramanta,1
Ramantas,7
Ramas,5
Ramavydas,2
Ramida,9
Ramina,43
Raminta,3520
Ramintas,19
Ramiras,4
Ramis,6
Ramita,5
Ramojus,29
Ramona,90
Ramonas,11
Ramune,5
Ramunis,2
Ramuna,1
Ramunas,53
Ramvyda,1
Ramvydas,8
Ramzija,2
Rapolas,1228
Rasa,21740
Rasas,3
Rasija,2
Rasina,73
Rasius,101
Rasmantas,4
Rasutis,2
Rasvita,89
Rasvyda,5
Rasvydas,19
Ratautas,1
Ravija,1
Razija,3
Razma,3
Rebeka,229
Redas,744
Redis,4
Regimanta,11
Regimantas,1855
Regina,16464
Reginaldas,10
Reginas,1
Regis,2
Reinalda,4
Reinaldas,42
Relija,1
Relinda,2
Relindas,2
Rema,2
Remas,4
Remedija,2
Remiga,2
Remigas,1
Remigija,361
Remigijus,8573
Remigis,2
Remis,5
Rena,30
Renalda,149
Renaldas,1332
Renas,18
Renata,11797
Renatas,2308
Renate,7
Renesme,2
Rene,4
Renis,2
Renius,63
Retas,8
Reda,4642
Redijus,9
Reja,1
Rejus,4
Riana,27
Ricardas,3
Ridas,331
Ridmantas,13
Rigis,1
Rigoberta,2
Rigobertas,7
Rija,1
Rikantas,38
Rikarda,3
Rikardas,39
Rikas,2
Rima,11080
Rimanta,342
Rimantas,14201
Rimante,1
Rimantina,3
Rimantis,1
Rimas,5447
Rimbertas,5
Rimdaugas,7
Rimgauda,1
Rimgaudas,887
Rimgirda,3
Rimgirdas,1
Rimgita,4
Rimkantas,2
Rimta,1
Rimtaras,2
Rimtas,6
Rimtauta,1
Rimtautas,148
Rimtenis,1
Rimtis,2
Rimutis,288
Rimvalda,3
Rimvaldas,24
Rimvida,10
Rimvidas,143
Rimvyda,47
Rimvydas,3956
Rimvydija,1
Rina,57
Rinas,15
Rindaugas,3
Ringa,4
Ringaila,1
Ringailija,1
Ringardas,1
Ringaudas,80
Ringys,1
Rinius,1
Rintautas,3
Rinvaldas,2
Rinvida,1
Rinvydas,10
Rita,15931
Rygaudas,1
Rygintas,5
Rygirdas,1
Rykantas,4
Ryta,40
Rytas,136
Rytautas,8
Rytenis,6
Rytis,4466
Rytys,1
Roaldas,18
Roberta,3055
Robertas,10864
Robis,1
Rodriga,1
Rodrigas,14
Roja,1
Rojus,743
Roka,3
Rokas,9397
Roksana,32
Rolanda,484
Rolandas,11394
Rolas,3
Rolfas,4
Roma,3372
Romana,126
Romanas,1401
Romanta,5
Romantas,38
Romas,6777
Romilija,1
Rominta,1
Romis,3
Romualda,1535
Romualdas,7506
Romulas,1
Ronaldas,362
Ronaldis,1
Ronas,9
Ronius,2
Ronja,4
Rosa,1
Rosenda,1
Rosendas,1
Rosita,1032
Rosmantas,1
Rostislava,1
Rosvaldas,155
Rosvita,44
Roza,83
Rozalija,83
Rozina,1
Rozvita,25
Rubena,1
Rubenas,16
Rudolfas,32
Rufas,5
Rufina,22
Rufinas,4
Rugile,7
Rugilija,4
Rumija,3
Rupertas,10
Rusne,1
Rusnis,1
Rusnius,14
Rustas,3
Rustenis,7
Rukas,1
Rustis,6
Ruta,39
Rutenis,10
Ramigija,1
Ramigijus,3
Ramunda,2
Ramundas,1
Ranatas,2
Rapalas,1
Razalija,1
Regymantas,1
Rimigija,1
Rimualda,7
Rimualdas,3
Romalda,289
Romaldas,1102
Ruzalija,4
Radomir,20
Rafael,80
Raffael,1
Ragnar,1
Raimond,261
Raymond,2
Raimund,140
Ralf,6
Ralph,3
Ramir,5
Ramon,1
Raphael,4
Rapol,1
Rebeca,5
Rebecca,12
Rebekah,1
Reginald,1
Reynald,1
Renald,11
Renaldo,2
Renat,85
Renato,5
Renats,1
Rhea,1
Ria,1
Rigobert,1
Riya,1
Robert,1525
Roberto,23
Roberts,6
Rodrigo,11
Roy,9
Roya,2
Roj,1
Roland,134
Roman,1390
Romuald,994
Ronald,77
Ronaldo,6
Ronalds,1
Rony,4
Ronny,2
Rosvald,1
Rozalia,3
Ruben,6
Rudolf,8
Sabina,902
Sabinas,4
Sabrina,94
Safija,7
Safyra,7
Sagrarija,1
Saima,30
Saimas,1
Saimis,1
Saimona,6
Saimonas,391
Sakalas,15
Saliamonas,6
Salioma,2
Salis,1
Salys,2
Salomeja,11
Salomija,1
Salva,30
Salvadoras,1
Salvatoras,1
Salvija,123
Salvijus,291
Salvinija,105
Salvinijus,3
Salvis,3
Salvius,1
Samanta,3265
Samantas,4
Samija,2
Samsonas,4
Samuela,2
Samuelis,78
Sana,7
Sanda,3
Sandaras,3
Sandija,3
Sandijus,1
Sandis,4
Sandra,10776
Sandras,20
Sandris,6
Sandrius,35
Sandvina,1
Sanga,3
Sangaudas,2
Sangeda,1
Sangedas,11
Sanginas,1
Sangirdas,9
Sanija,4
Sanijus,1
Sansa,1
Santa,548
Santara,4
Santaras,20
Santas,6
Santautas,9
Santjagas,3
Sara,106
Saturna,2
Saturnas,13
Saturnina,5
Saturninas,1
Sauga,2
Sauginas,4
Saugintas,3
Saugirda,3
Saugirdas,61
Saulena,81
Saulenija,1
Saulenis,10
Saule,18
Saulija,4
Saulina,54
Saulita,9
Saulius,18572
Saulutis,5
Saumantas,2
Saurimas,3
Savana,15
Savelija,6
Savelijus,15
Saverija,11
Savija,2
Savijus,2
Savina,3
Scholastika,1
Sebastianas,48
Sebastijonas,10
Seira,5
Sela,1
Selemonas,1
Selena,17
Selija,11
Selina,86
Selma,14
Selmas,3
Semas,41
Sembas,1
Serafima,23
Serafina,1
Serafinas,1
Serapina,2
Serapinas,2
Serena,5
Sergijus,7
Sergius,1
Sesilija,3
Setas,11
Seva,11
Sevas,1
Severa,27
Severas,24
Severija,77
Severijus,4
Severina,165
Severinas,58
Sevilija,1
Sibile,1
Sicilija,1
Sida,24
Sidas,76
Sidona,157
Sidonija,40
Sidonijus,2
Siga,54
Sigas,8
Sigis,9
Sigismundas,2
Sigita,6036
Sigitas,8647
Sigizmundas,5
Signe,1
Sigrida,74
Sigridas,1
Sigurdas,3
Sikstas,17
Silantijus,1
Silija,2
Silva,1112
Silvana,9
Silvanas,1
Silvas,6
Silverija,15
Silverijus,28
Silvestra,45
Silvestras,341
Silvija,2411
Silvijas,1
Silvijus,72
Silvis,5
Sima,230
Simanas,26
Simanta,1
Simantas,6
Simas,3043
Simeona,2
Simeonas,6
Simona,9141
Simonas,4242
Simone,11
Sindija,8
Singaudas,3
Sinta,1
Sintaras,1
Sintas,4
Sintautas,4
Sintija,134
Sintijus,1
Sira,3
Sirijus,7
Sirmantas,1
Sirputis,1
Sirtautas,1
Sirtautija,1
Sirvydas,17
Sygantas,1
Symantas,4
Skaida,1
Skaidra,146
Skaidras,1
Skaidris,3
Skaidrius,83
Skaista,2
Skaistis,21
Skaistutis,5
Skaja,13
Skajus,27
Skalmantas,10
Skalvis,6
Skina,6
Skinija,2
Skirgaila,6
Skirgaudas,2
Skirma,93
Skirmanta,39
Skirmantas,847
Skirmas,2
Skirmutis,2
Skirtautas,2
Skolastika,3
Skomantas,129
Skovydas,1
Slava,35
Slavijus,7
Smila,9
Smilga,4
Smilte,11
Smiltija,1
Smiltis,1
Smiltys,1
Snaigius,2
Snandulija,1
Sniega,14
Sniegas,1
Sniegena,26
Sniegis,1
Sniegius,1
Sofija,3218
Sofijus,1
Sokratis,2
Solomonas,1
Solveiga,831
Sotera,20
Soteras,22
Sovijus,4
Spiridonas,1
Spyglys,1
Stanislava,3389
Stanislavas,1286
Stanislova,89
Stanislovas,4281
Stasas,1
Stase,1
Stasis,7
Stasius,35
Stasys,8528
Stefa,359
Stefanija,888
Steikintas,2
Steimintas,1
Steina,1
Stela,268
Stepa,2
Stepanija,33
Stepas,294
Steponas,1399
Stigas,1
Stina,1
Sulamita,10
Surminas,2
Suvardas,1
Svaidargas,1
Svaigedas,13
Svaigirdas,1
Svaja,95
Svajus,17
Svajunas,2
Svenas,6
Sveta,6
Svetlana,7971
Svetlanas,1
Sabastijonas,1
Saverina,3
Saverinas,2
Secilija,1
Sedonija,1
Seliomija,3
Selvestra,1
Selvestras,8
Sigyta,14
Sigytas,37
Sylvija,16
Siverija,3
Skolestika,2
Solomija,5
Stafanija,2
Stapanija,2
Staponas,20
Stepanas,78
Sufija,1
Safia,5
Salomea,4
Samantha,40
Samiya,1
Samson,3
Samuel,55
Sandhya,1
Sanya,1
Saniya,1
Santiago,7
Sarah,16
Savanna,1
Savannah,1
Scarlet,1
Scarlett,4
Sebastian,203
Serafim,15
Sergij,2
Severin,18
Sharlota,1
Sharlote,1
Sharlotta,1
Sigizmund,5
Silvestr,47
Silvia,27
Simeon,3
Simon,69
Sintia,1
Sofia,574
Solveig,2
Sophia,76
Sophiya,1
Spiridon,1
Stanislav,2857
Stanislov,5
Stas,6
Stefania,8
Stella,44
Stepania,1
Sven,2
Sarlote,3
Tabita,3
Tadas,10099
Tadija,1
Taika,2
Taironas,56
Taisa,102
Taisija,233
Taja,235
Tajus,1787
Talija,1
Talijus,1
Talis,8
Talita,5
Talius,1
Tamara,1299
Tamerlanas,1
Tanas,4
Tanius,1
Tanzilija,1
Tara,4
Tarasijus,1
Tarija,2
Tarijus,1
Tarimantas,2
Taris,1
Tarvilas,5
Tarvinas,1
Tarvydas,4
Tasija,1
Tatija,1
Tatjana,8555
Taumantas,3
Taura,52
Tauragnas,2
Tauras,1218
Tauridas,24
Taurija,3
Taurijus,15
Taurima,1
Taurimas,21
Tauris,12
Taurius,47
Tautas,2
Tautginas,16
Tautgintas,1
Tautgirdas,26
Tautis,5
Tautkantas,1
Tautmilas,1
Tautminas,4
Tautrimas,46
Tautvaidas,1
Tautvalda,1
Tautvaldas,28
Tautvida,2
Tautvidas,81
Tautvila,1
Tautvilas,68
Tautvilis,13
Tautvilius,1
Tautvis,1
Tautvyda,1
Tautvydas,4013
Tavija,3
Tavijus,11
Tedas,26
Teisis,1
Teisius,8
Teisutis,116
Telesfora,1
Telesforas,5
Teodora,107
Teodoras,447
Teodozija,5
Teofilija,7
Teofilijus,1
Teofilis,20
Teofilius,14
Tera,1
Terentijus,7
Teresa,3376
Terese,2
Terezija,5
Tesa,10
Teja,12
Tejus,1
Tiana,13
Tiberijus,1
Tidas,6
Tija,168
Tijus,67
Tila,1
Tilas,1
Tilda,2
Tilija,7
Tilius,6
Tilmanas,2
Tilmantas,2
Tilvyda,1
Tima,3
Timas,362
Timeja,1
Timis,1
Timona,4
Timonas,45
Timotas,1
Timotiejus,48
Timotis,20
Timuras,26
Tina,60
Tinas,2
Tita,10
Titanas,12
Titas,3284
Tobijas,2
Tolius,2
Tolys,1
Tolmantas,2
Tolminas,1
Tolmintas,1
Tolvaida,3
Tolvaldas,1
Tolvidas,3
Tolvina,2
Tolvinas,3
Tolvyda,1
Tolvydas,15
Toma,2448
Tomantas,3
Tomas,28955
Tomis,9
Tonis,100
Tora,1
Toras,33
Toris,1
Torvaldas,1
Traidenis,3
Trifilijus,1
Tristanas,5
Tulgaudas,4
Tumas,138
Tuva,1
Tvirmantas,2
Telisforas,1
Timatis,1
Tofilija,2
Tabitha,1
Tad,1
Taya,3
Tairon,2
Tayus,1
Talia,5
Tamerlan,8
Tea,5
Teya,4
Teodor,36
Teofil,2
Tessa,3
Thea,22
Theodor,5
Theodore,7
Thomas,68
Thor,1
Thoras,2
Tia,23
Tiya,1
Tim,22
Timea,1
Timo,1
Timothy,8
Timoti,3
Timur,320
Tit,2
Tobias,8
Tom,31
Tomy,2
Tommi,1
Tommy,3
Toms,4
Tony,12
Tonny,1
Tristan,5
Ugne,10
Ugnija,1
Ugnis,1
Ugnius,2716
Uka,1
Uliana,22
Ulija,4
Ulijona,8
Ulpijus,1
Ulrika,18
Ulrikas,1
Ula,431
Uma,50
Una,44
Une,1
Uoginta,1
Uogintas,2
Uola,1
Uosis,46
Upe,2
Upius,1
Upyna,8
Urbonas,1
Urielis,6
Ursina,1
Ursula,8
Urta,3
Urtas,2
Urte,3
Urtis,7
Uvis,13
Ustinija,7
Utolija,1
Uvidija,1
Uvidijus,3
Ulla,4
Uriel,2
Vacis,6
Vacius,64
Vacys,258
Vaclas,37
Vaclava,312
Vaclavas,161
Vaclova,80
Vaclovas,2832
Vaida,10163
Vaidaras,3
Vaidas,8739
Vaidaugas,2
Vaidenis,9
Vaidginas,1
Vaidila,7
Vaidilas,1
Vaidimantas,9
Vaidingas,1
Vaidis,13
Vaidmantas,30
Vaidmina,2
Vaidminas,5
Vaidora,1
Vaidota,50
Vaidotas,3364
Vaidote,1
Vaidrimas,3
Vaidrius,11
Vaiga,62
Vaigandas,2
Vaigaudas,6
Vaiginta,2
Vaigintas,7
Vaigirdas,7
Vaigydas,1
Vaimindas,1
Vaimintas,1
Vainas,1
Vaineta,99
Vainis,4
Vainius,481
Vainora,21
Vainoras,51
Vainotas,8
Vaisvydas,1
Vaitautas,1
Vaitiekus,23
Vaitvilas,1
Vaiva,3034
Vaivas,1
Vaivida,1
Vaivis,1
Vaivydas,1
Vaivora,5
Vakare,2
Vakarijus,1
Vakaris,2009
Vakarius,6
Vala,1
Valda,709
Valdas,10753
Valdemara,59
Valdemaras,2145
Valde,1
Valdimana,1
Valdimantas,27
Valdimas,1
Valdis,49
Valdys,2
Valdona,21
Valdonas,2
Valentas,1055
Valentina,5896
Valentinas,3845
Valeras,17
Valeriana,1
Valerianas,6
Valerija,3028
Valerijona,4
Valerijonas,142
Valerijus,2515
Valeris,1
Valerius,1
Valia,84
Valis,39
Valius,442
Valys,38
Valma,2
Valmantas,47
Valteras,3
Valteris,59
Vanda,3356
Vandalinas,10
Vandalius,1
Vanesa,1075
Vardaras,2
Vargina,1
Varinija,1
Varsanofijus,1
Varvara,102
Vasara,28
Vasaris,54
Vasilijus,733
Vasilisa,114
Vasilius,8
Velija,2
Velta,13
Vena,7
Venanta,9
Venantas,37
Venecija,3
Venecijus,3
Veneranda,2
Venerandas,1
Venius,1
Venta,16
Vera,1367
Veras,2
Verena,6
Verenas,1
Vergilija,9
Vergilijus,5
Verginija,35
Verginijus,7
Veridiana,2
Verneris,24
Veronija,1
Veronika,2805
Veslava,322
Vesta,1260
Vestas,14
Vestina,386
Vestinas,1
Veta,10
Veja,1
Vejas,1
Vida,12680
Vidas,5290
Videta,11
Vidgaudas,3
Vidija,22
Vidijus,1
Vidimanta,4
Vidimantas,75
Vidiminas,1
Vidis,1
Vidita,10
Viditas,1
Vidma,8
Vidmana,5
Vidmanas,2
Vidmanta,112
Vidmantas,8298
Vidmas,24
Vidmina,16
Vidminas,34
Vidutija,1
Vidutis,128
Vidvaldas,1
Vidvilius,1
Vidvydas,1
Viestartas,2
Viesulas,15
Viga,8
Vigas,3
Vigilija,120
Vigilijus,33
Vigimanta,2
Vigimantas,42
Vigis,3
Vigmanas,1
Vigmantas,32
Vija,62
Vijas,1
Vijola,8
Vijus,46
Vika,256
Vikarijus,1
Vikas,7
Vikentijus,27
Vikis,3
Vikta,5
Viktas,4
Viktora,1
Viktoras,8039
Viktorija,17563
Viktorijus,9
Viktorina,2
Viktorinas,1
Viktorius,1
Vilas,10
Vilbertas,1
Vildaras,2
Vildas,8
Vildaugas,3
Vildijus,2
Vildoras,4
Vileta,10
Vilfredas,4
Vilga,2
Vilgaila,1
Vilgailas,1
Vilgardas,5
Vilgaudas,11
Vilgima,2
Vilgimantas,8
Vilgimas,2
Vilgintas,3
Vilgirdas,10
Vilhelma,51
Vilhelmas,227
Vilhelmina,106
Vilida,6
Viligailis,1
Vilija,5697
Vilijeta,9
Vilijus,68
Vilimanas,1
Vilimanta,4
Vilimantas,48
Vilimas,100
Vilis,45
Vilius,7030
Viljamas,128
Vilma,12763
Vilmanas,3
Vilmanta,24
Vilmantas,2046
Vilmantija,1
Vilmas,57
Vilmeta,3
Vilmina,5
Vilminas,2
Vilminija,2
Vilmis,1
Vilnia,2
Vilnija,1
Vilnis,5
Vilnius,16
Vilorijus,1
Vilta,5
Viltara,10
Viltaras,22
Viltautas,21
Viltenis,9
Vilte,11
Viltis,4
Viltvidas,1
Vina,1
Vinas,2
Vinca,1
Vincas,1629
Vincenta,66
Vincentas,784
Vincentijus,1
Vincentina,11
Vince,1
Vindaugas,1
Vinga,22
Vingas,1
Vingaudas,52
Vingintas,1
Vingirdas,1
Vingra,2
Vinmantas,2
Vintaras,1
Vintartas,1
Vintautas,4
Viola,25
Violeta,9841
Virbutas,1
Virga,76
Virgandas,3
Virgantas,9
Virgardas,1
Virgas,1
Virgauda,2
Virgaudas,160
Virgeda,1
Virgilija,364
Virgilijus,2856
Virgimantas,29
Virgindas,2
Virginija,14137
Virginijus,8288
Virginta,2
Virgintas,8
Virgirdas,2
Virgis,50
Virgius,5
Virkantas,2
Virma,7
Virmanta,3
Virmantas,388
Virmina,1
Virsavija,12
Virvaldas,2
Visalgas,1
Visata,4
Visgardas,1
Visgaudas,1
Visgirdas,4
Viskantas,3
Visma,2
Vismanta,4
Vismantas,286
Visvaldas,374
Visvaldis,3
Visvidas,2
Visvydas,6
Vita,3530
Vitalija,5343
Vitalijus,5751
Vitalis,533
Vitalius,284
Vitas,2038
Vitorija,3
Vitorijas,1
Viva,1
Viviana,5
Vivija,1
Vydenis,4
Vydgantas,1
Vydimantas,4
Vydmantas,202
Vydmina,2
Vydminas,9
Vydmintas,1
Vydunas,1
Vyga,5
Vygaila,2
Vygailas,1
Vygandas,857
Vyganta,3
Vygantas,1772
Vygardas,1
Vygas,1
Vygaudas,114
Vygimantas,9
Vygindas,3
Vyginta,50
Vygintas,873
Vygintis,1
Vygirdas,8
Vygis,2
Vygmantas,4
Vygminas,1
Vyka,4
Vykantas,10
Vykentas,1
Vykinta,57
Vykintas,450
Vyktautas,1
Vyliaudas,2
Vylius,37
Vymantas,1
Vytaras,155
Vytarius,1
Vytartas,2
Vytauras,25
Vytauta,7
Vytautas,31309
Vytaute,1
Vytenis,1534
Vyturys,8
Vyda,322
Vydas,324
Vydautas,1
Vyta,104
Vytas,2393
Vytis,1081
Vlada,173
Vladas,4264
Vladimiras,3259
Vladis,4
Vladislava,742
Vladislavas,771
Vladislova,4
Vladislovas,619
Voldemara,2
Voldemaras,381
Voldis,6
Voruta,1
Valantinas,10
Valierija,1
Valierijus,1
Velerija,1
Venalijus,1
Vergenija,5
Vergenijus,2
Verionika,3
Versavija,1
Vicentas,6
Vygilija,1
Viktaras,1
Vyktoras,3
Vyktorija,1
Vilgelma,11
Vilgelmas,17
Vilgelmina,41
Vilgelminas,3
Vinalijus,2
Vinanta,7
Vinantas,6
Virgylijus,2
Vyrgilijus,1
Virgynija,1
Vytalija,23
Vytalijus,11
Vytalis,11
Vytalius,2
Vnifantijus,1
Vaclav,438
Vaclov,6
Valdemar,842
Valdemars,1
Valent,1
Valentin,745
Valentino,3
Valeria,25
Valerij,2834
Valter,13
Vanessa,131
Vasilij,897
Vasilijs,2
Vasilissa,1
Verginia,1
Veronica,15
Victor,21
Victoria,91
Victorija,1
Vikentij,43
Viktor,4226
Viktoria,108
Vilhelm,8
Vilia,22
Viljam,15
Vincent,36
Violet,1
Virginia,5
Vit,2
Vitalia,5
Vitalij,3272
Vito,5
Vittorija,1
Vlad,41
Vladimir,4649
Vladislav,2163
Vladislov,1
Voldemar,19
Zacharijas,2
Zacharijus,3
Zaida,1
Zakija,1
Zarislava,1
Zbignevas,134
Zefirina,1
Zelma,58
Zena,16
Zenas,25
Zenis,9
Zenius,186
Zenobija,7
Zenona,107
Zenonas,2453
Zenone,1
Zidas,1
Zidoras,1
Zidorius,2
Zigfrida,7
Zigfridas,79
Zigma,9
Zigmanta,2
Zigmantas,901
Zigmas,1838
Zija,1
Zilvija,1
Zina,1288
Zinaida,1124
Zinaidas,4
Zinas,3
Zinius,1
Zinovija,4
Zinovijus,10
Zita,9972
Zitas,15
Zygfrida,1
Zygfridas,3
Zlata,141
Zlatislava,1
Zofija,1177
Zoja,647
Zose,2
Zotikas,1
Zulfija,15
Zuzana,167
Zanonas,1
Zeferina,1
Zenovija,1
Zigmontas,50
Zinavija,1
Zopija,1
Zuofija,1
Zacharij,3
Zenon,357
Zigfrid,8
Zigmant,2
Zofia,2
Zana,6
Zanas,14
Zanis,1
Zara,10
Zavinta,1
Zybartas,1
Zymantas,1
Zigimantas,1
